参数	现值	单位	消费点	现来源	等级	更好的依据与数值	适用范围	处置	拟合区间下界	上界	区间出处	敏感指标	备注
q10methane	1.33	无量纲（叠加在分解 Q10=1.5 之上的额外 Q10）	Methane_Physics.F90:2256（f 的温度因子 q10methane^((T−T_base)/10)）；:2132（湖泊 Q10=1.5×q10methane，q10lake 未设）——生效	账本 D-31/V-48（退回 CLM 发表值）；clm5_params.c171117.nc 与 CLM4.5 系 clm_params.c170913.nc 均为 q10ch4=1.33；CLM 注释（CTSM 提交 f003690b8 ch4varcon.F90）"Corresponds to a methanogenesis Q10 of 2 when SOM HR has Q10 of 1.5"；Riley et al. 2011 表 1（第 1930 页）基线 Q10=2、敏感性区间 1.5–4	C	Segers 1998 第 27 页全部样本合并产甲烷 Q10=4.1（0.4），表 2（第 29 页）单因子实验 1.5–28、泥炭厌氧 CO2 1.5；Yvon-Durocher et al. 2014 第 489 页群落尺度产甲烷 0.93 eV（95% CI 0.82–1.03）、生态系统季节排放 0.96 eV（0.86–1.07），第 490 页 CH4:CO2 排放比 0.71 eV（0.46–0.97）；按 10–20 °C 换算：0.93 eV 总 Q10=3.67，除以分解 1.5 得额外 2.45；0.71 eV 比值 Q10=2.70（1.90–3.88）；Turetsky et al. 2014 表 2（第 2189 页）北方湿地通量对表层土温的表观 Q10：bog 2.6、poor fen 1.7、rich fen 2.0、swamp 5.2；Treat et al. 2015 第 6 页与第 10 页：培养表观 Q10 产甲烷中位 1.16–1.18、厌氧 CO2 1.39–1.41（培养中产甲烷不比厌氧矿化更陡）；模式先例：Walter et al. 2001 第 34,190 页产甲烷 Q10=6、以站点年均土温为基准（他模式取值，非观测）	全球（湿地、稻田、湖泊共用；季节尺度）	待拟合	1.0	2.8	下界 Treat et al. 2015 第 6、10 页（产甲烷表观 Q10 不高于厌氧 CO2）；上界 Yvon-Durocher et al. 2014 第 489 页 1.03 eV 在 10–20 °C 换算 4.22÷1.5	α（v2_oo5 类中位 bog 0.64、fen 0.69 偏小，wet tundra 1.52 偏大，方向相反）；冷站 β（DE-Zrk 0.42、FI-Lom 0.43、JP-BBY 0.53、SE-Deg 0.66、FI-Sii 0.70）；NDJF 比；湖泊 DE-Dgw	Yvon-Durocher et al. 2014 第 490 页与扩展数据图 2：季节 0.96 eV 不适用于跨站地理温度梯度，跨站响应更弱；固定 295 K 基准下单一 Q10 同时牵动 α 与冷站 β，应与 q10methane_base（或 C-53 的 q10methane_base_weight）联合拟合；账本 Q-44 塔上排放表观 Q10 中位 2.83（1.38–13.7）对模式 1.93
q10methane_base	295	K	Methane_Physics.F90:2104（t_base_methane；q10methane_local_base 未开，恒为 295 K）——生效	clm5_params.c171117.nc q10ch4base=295；CLM 注释（f003690b8 ch4varcon.F90）"Rough estimate from comparison between Walter and previous CLM-CH4 data; Uses Michigan bog data from Shannon & White"；Riley et al. 2011 第 1929 页 T_B=22 °C	B	文献无法单独约束：它只规定 f 对应的温度，与 f 相乘后数学上共线；Yvon-Durocher et al. 2014 第 490 页与扩展数据图 1–2：湿地跨站在固定温度下的排放随站点均温下降、地理响应弱于季节响应，支持按站点均温部分驯化（C-51/C-53 的做法）；Walter et al. 2001 第 34,190 页与 Walter and Heimann 2000 第 748 页均以站点年均土温 Tmean 为基准	全球	待拟合	—	—	不单独给区间：固定 295 K 时由 f 吸收；若启用 C-53，拟合 q10methane_base_weight∈[0,1]（Const 注释定义域）	跨站 β 的冷暖梯度（冷站 fen β 0.42–0.70，热带 MY-MLM β 11.75）	与 f、q10methane 不可同时自由拟合；建议固定 295 K 只拟合 f，或改用局地基准后拟合权重
cnscalefactor	1.0	无量纲	Methane_Physics.F90:2231（湿地与土壤分解底物乘子）、:2153、:2157（湖泊）——生效但中性	clm5_params.c171117.nc cnscalefactor=1；CLM 注释 "This should equal 1 except for sensitivity studies"	C	敏感性开关，无物理取值；与 f 完全共线	—	保留	—	—	—	—	固定为 1，不参与拟合
om_frac_sf	1.0	无量纲	Methane_Physics.F90:3497（水位以上气相扩散的有机质份额乘子）——生效但中性	CLM 默认（CTSM ch4Mod.F90 params_type om_frac_sf，参数文件读入）	C	敏感性开关，无物理取值	—	保留	—	—	—	—	固定为 1
f_methane	0.2	无量纲（厌氧矿化碳中成 CH4 的份额）	Methane_Physics.F90:2113（f_methane_tile，use_biome_f_methane=.false.）、:2166（湖泊，上限 0.5）；Methane_BgcLink.F90:1258（查表关闭时返回本值）——生效	账本 C-10（Riley et al. 2011 表 1）；clm5_params.c171117.nc f_ch4=0.2；CLM 注释（f003690b8）"originally 25% / (100% + 25%) from Wania"；Riley et al. 2011 表 1（第 1930 页）0.2，敏感性区间 NA	C	厌氧培养合成：Treat et al. 2015 表 2 与第 8 页正文（早期在线版）CO2:CH4 产比中位 wetland 19、inundated 32、0–20 cm 18、tundra 7、boreal 387，f=1/(1+比) 为 0.050、0.030、0.053、0.125、0.003；Segers 1998 表 3（第 32 页）厌氧 CO2/CH4 贫营养泥炭 4–882、矿质营养泥炭 0.6–630、稻田 1–59；Bridgham et al. 2013 第 1334 页：纯发酵-产甲烷体系约 1:1（f≈0.5），湿地通常远高于 1:1；Wania et al. 2010 表 4（第 573 页）7 座北方泥炭站联合拟合 CH4/CO2=0.1（f=0.091）；长期培养可达 CO2:CH4=0.92±0.18（Knoblauch et al. 2018，经 Moser et al. 2026 第 606 页转引，未核原文）	培养数据以泛北极永冻区与北方泥炭为主；热带与矿质湿地缺多站合成	待拟合	0.03	0.5	下界 Treat et al. 2015 表 2 inundated 中位比 32；上界化学计量 1:1（Bridgham et al. 2013 第 1334 页；Müller et al. 2015 表 C1 第 3305 页给 0.05–0.5）	β（全部湿地类，近线性）；稻田 β；湖泊 DE-Dgw β 0.03	与 wetland_npp_frac、q10methane_base 共线，先把它们定到文献值再单独拟合 f；培养温度中位约 15 °C（Treat 表 2 wetland 15.3 °C），模式 f 定义在 295 K；湖泊共用本值而 CTSM 湖泊取 0.5，Kelly and Chynoweth 1981 摘要：湖沉积物有机输入 47±9% 以 CH4 释放（湖泊是否单列 f 需主控定）
z0_methane_prod	0.30	m	Methane_Physics.F90:2089–2096（归一化）、:2246–2247（partition_z×exp(−z/z0)）——生效（非湖泊）	无账本条目；Const 注释：作者在 Walter and Heimann 2001 讨论的 0.2–0.5 m 内自选，"specific value 0.30 not directly quoted"	D	Treat et al. 2015 表 2：CO2:CH4 产比 0–20 cm 18、20–100 cm 153（单位厌氧矿化的产甲烷份额随深度降约 8 倍），每克碳最大产甲烷 23.7→9.3 µg C gC⁻¹ d⁻¹；按两层中点 10 cm 与 60 cm 指数插值，前者对应 e 折约 0.24 m，后者约 0.53 m——推测（推算）	泛北极永冻区培养	待拟合	0.24	0.53	Treat et al. 2015 表 2 推算（见备注）	r、α（产量深浅决定与水位、温度的相位）；氧化占比进而 β（bog、fen）	z0 只重分配水位以下的底物权重（归一化保持加权前总量），与"产比随深度降"语义不完全相同；代码注释所称 Walter and Heimann 2001 的 0.2–0.5 m 未得到支持：Walter et al. 2001 第 34,190 页产量垂直分布随根深（由 Jackson β 定），未给 e 折深度——已验证（读本地全文）
mino2lim	0.2	无量纲（缺氧/有氧分解比）	BgcShim.F90:113（湿地斑块 o_scalar，bgc_anoxia_limits_decomp=.true.；冻结层同用，frozen_anoxic_decomp=.true.）——生效；Methane_Physics.F90:2199（SIF，use_ch4_sif=.false.）、:2219–2226（C-14/C-41 洪泛，开关未开）——不生效	clm5_params.c171117.nc mino2lim=0.2；Riley et al. 2011 表 1 β=0.2、敏感性区间 NA；Müller et al. 2015 表 C1（第 3305 页）"Range not available in the literature"，合理区间 0.05–0.45	C	建议值 0.29：Schädel et al. 2016 摘要（只读摘要）25 项永冻区土壤培养研究，有氧释放为厌氧的 3.4 倍（95% CI 2.2–5.2），即缺氧/有氧 0.29（0.19–0.45）；Segers 1998 表 3 与第 32 页：有氧/厌氧 CO2 为 1–8 倍、平均在低端（贫营养泥炭 1.6–2.7、Sphagnum 1.4、多种泥炭 2.5（1–5）），即 0.13–0.71	前者永冻区土壤，后者北方与温带泥炭	改为文献值	0.13	0.45	下界 Segers 1998 第 32 页（有氧至多高 8 倍）；上界 Schädel et al. 2016 摘要 CI 下限 2.2 倍	冬季与解冻期（冻结层按缺氧速率分解：FI-Sii 4 月脉冲、NDJF 比）；碳库与季节形状；平衡态 β 敏感度有限（SASU 平衡后呼吸≈输入——推测）	同一参数也进 BGC 分解（C-16）与洪泛（C-14/C-41），改值两处同变
redoxlag	30	d	Methane_Physics.F90:588（biome 查表数组未分配时回退）；Methane_BgcLink.F90:1322（use_biome_redoxlag=.false. 时返回）——v2_oo5 查表开启，按类取值，本键不生效	clm5_params.c171117.nc redoxlag=30；Riley et al. 2011 第 1929 页 "alternative electron acceptors are reduced with an e-folding time of 30 days"（假设）	C	Treat et al. 2015 表 2：到最大产甲烷的滞后 inundated 均值 11 d（中位 10）、fluctuating 20（27）、dry 49（20）；Müller et al. 2015 表 C1 区间 15–45 d	泛北极培养	保留	10	49	Treat et al. 2015 表 2	当前不生效（新淹水面积的产量滞后：洪泛、稻田）	按类值由用户管理；只有关闭查表才需本值
redoxlag_vertical	30	d	Methane_Physics.F90:595（查表开启时改用按类值）——不生效	无账本出处；CLM 默认为 0（clm5_params.c171117.nc 与 clm_params.c170913.nc 均为 redoxlag_vertical=0）	D	同 redoxlag；CLM 默认对垂向水位变化不施加滞后	—	保留	—	—	—	当前不生效	若关闭查表，需主控定取 CLM 默认 0 还是与 redoxlag 同值
wtd_inflection	0.30	m	Methane_Physics.F90:831（只在方案 6；inundation_mode=colm 为方案 8，不经过此支）——不生效	Const 注释：沿用原阶跃阈值 0.30 m，引 Walter and Heimann 2000、Sundh 2000、Bridgham 2013 定性说法；土壤斑块值为作者取值	D	当前模式不用，未另查	—	保留	—	—	—	不生效	换回方案 6 时再审
wtd_steepness	0.05	m	Methane_Physics.F90:813–814、:831（只在方案 6；inundation_mode=colm 为方案 8，不经过此支）——不生效	Const 注释：沿用原阶跃阈值 0.30 m，引 Walter and Heimann 2000、Sundh 2000、Bridgham 2013 定性说法；土壤斑块值为作者取值	D	当前模式不用，未另查	—	保留	—	—	—	不生效	换回方案 6 时再审
wtd_inflection_soil	0.0	m	Methane_Physics.F90:827–828（只在方案 6；inundation_mode=colm 为方案 8，不经过此支）——不生效	Const 注释：沿用原阶跃阈值 0.30 m，引 Walter and Heimann 2000、Sundh 2000、Bridgham 2013 定性说法；土壤斑块值为作者取值	D	当前模式不用，未另查	—	保留	—	—	—	不生效	换回方案 6 时再审
wtd_steepness_soil	0.3	m	Methane_Physics.F90:829（只在方案 6；inundation_mode=colm 为方案 8，不经过此支）——不生效	Const 注释：沿用原阶跃阈值 0.30 m，引 Walter and Heimann 2000、Sundh 2000、Bridgham 2013 定性说法；土壤斑块值为作者取值	D	当前模式不用，未另查	—	保留	—	—	—	不生效	换回方案 6 时再审
hybrid_soil_threshold	0.0	无量纲（淹水比例门槛）	Methane_Physics.F90:902（方案 8 土壤斑块门槛）；Methane_Driver.F90:405、:657——生效，0 即不设门槛	Const 注释：推荐 0.05–0.10 为"empirically tuned against Pantanal"，本配置取 0（关）	D	0 为中性，无需依据	—	保留	—	—	—	河滩型塔（BR-Npw、BW-Nxr、BW-Gum）的淹水起算	—
pHmin	2.2	pH	Methane_Physics.F90:2286（pH 窗口）；use_spatial_ph=.false. 时 pH 恒为 6.2（Methane_pH.F90:58），在窗口内——不生效	clm5_params.c171117.nc pHmin=2.2、pHmax=9；pH 因子为对 Dunfield et al. 1993 数据的拟合（Riley et al. 2011 第 1929 页引 Meng et al.）	C	Dunfield et al. 1993 第 321 页摘要：实验 pH 缓冲于 3.5–8，产甲烷与氧化的最适 pH 比原位高约 2（酸性泥炭）或 0–1（偏碱泥炭）；Müller et al. 2015 表 C1 pHmin 2–4、pHmax 8–10	北方泥炭培养	保留	—	—	—	当前不生效	窗口 2.2–9 超出 Dunfield 实验范围 3.5–8，属外推；启用空间 pH 时再审
pHmax	9.0	pH	Methane_Physics.F90:2286（pH 窗口）；use_spatial_ph=.false. 时 pH 恒为 6.2（Methane_pH.F90:58），在窗口内——不生效	clm5_params.c171117.nc pHmin=2.2、pHmax=9；pH 因子为对 Dunfield et al. 1993 数据的拟合（Riley et al. 2011 第 1929 页引 Meng et al.）	C	Dunfield et al. 1993 第 321 页摘要：实验 pH 缓冲于 3.5–8，产甲烷与氧化的最适 pH 比原位高约 2（酸性泥炭）或 0–1（偏碱泥炭）；Müller et al. 2015 表 C1 pHmin 2–4、pHmax 8–10	北方泥炭培养	保留	—	—	—	当前不生效	窗口 2.2–9 超出 Dunfield 实验范围 3.5–8，属外推；启用空间 pH 时再审
vmax_methane_oxid	1.25e-5	mol m⁻³(孔隙水) s⁻¹（=45 µM h⁻¹，12 °C 基准）	Methane_Physics.F90:2464、:2477（水位以下与湿地水位以上氧化）、:3139——生效	clm5_params.c171117.nc vmax_ch4_oxid=1.25e-5；CLM 注释（f003690b8）"45 uM/h from Walter and Heimann for the Mich. site (2000)"；Walter and Heimann 2000 表 2（第 751 页）Michigan 站点专用值 45 µM h⁻¹	B	建议值 5.6e-6（20 µM h⁻¹）：Walter and Heimann 2000 第 748 页：观测 Vmax 约 5–50 µM h⁻¹（引 6 项研究），模式默认 20 µM h⁻¹，五站站点值 3–45；Segers 1998 表 5a（第 37 页）自然湿地潜在氧化 log10 均值 0.75（矿质营养，n=159）与 0.74（贫营养，n=77），单位 µmol m⁻³ s⁻¹，几何均值约 5.6e-6 mol m⁻³ s⁻¹，SD 0.9 dex；Riley et al. 2011 表 1 敏感性区间 1.25e-6–1.25e-4	北方与温带湿地	改为文献值	1.39e-6	1.39e-5	Walter and Heimann 2000 第 748 页 5–50 µM h⁻¹	β（bog、fen 夏季：账本 Q-21 北方泥炭氧化占产量 0.52–0.67；v2_oo5 fen β 中位 0.70）；E/P；marsh、wet tundra β（1.26、1.27）可能随之升高	氧化 Q10 的基准 12 °C 也来自 Michigan 站（Methane_Physics.F90:2454 硬编码，注释"Walter, for Michigan site where the 45 µM/h comes from"），而 Walter and Heimann 2000 以站点年均土温为基准；Segers 为体积土、培养温度下的潜在速率，模式为孔隙水体积、12 °C，换算有出入
vmax_oxid_unsat	1.25e-6	mol m⁻³(孔隙水) s⁻¹	Methane_Physics.F90:2467（非湿地斑块水位以上；湿地斑块水位以上改用饱和区参数）——仅土壤、作物斑块生效	clm5_params.c171117.nc vmax_oxid_unsat=1.25e-6；CLM 注释：湿地值的 1/10，"Literature suggests that while k_m is lower, vmax is also lower in upland areas"	C	Bender and Conrad 1992 摘要（只读摘要，OSTI 记录）：新鲜旱地土高亲和力氧化 Vmax 0.7–3.6 nmol CH4 h⁻¹ g⁻¹ 干土；按容重 1.2 g cm⁻³ 折体积土约 2.3e-7–1.2e-6 mol m⁻³ s⁻¹（容重为假设——推测）	旱地土壤	保留	1.25e-7	1.25e-5	Müller et al. 2015 表 C1（引 Whalen and Reeburgh 1996；Bender and Conrad 1992）	旱地吸收（用户不评估）；河滩型塔的土壤斑块	低优先
k_m	5.e-3	mol m⁻³（5 µM）	Methane_Physics.F90:2463、:2476、:3147——生效；Methane_Microbes.F90:424（微生物库未启用）	clm5_params.c171117.nc k_m=5e-3；CLM 注释 "(Walter and Heimann 2000)"；Walter and Heimann 2000 第 748 页模式取 5 µM	C	Walter and Heimann 2000 第 748 页：观测 Km 1–5 µM；Segers 1998 表 4（第 37 页）自然泥炭 1–45 µM、淡水沉积物 2.2–3.7、甲烷氧化菌 0.8–48；Riley et al. 2011 第 1931 页引 Segers and Kengen 1998 为 0.8–66.2 µM	湿地（低亲和力）	保留	5.e-4	5.e-2	Riley et al. 2011 表 1	湿地水位以上氧化帽的氧化量，进而 bog、fen β	多来源一致，维持
k_m_unsat	5.e-4	mol m⁻³（0.5 µM）	Methane_Physics.F90:2466（非湿地斑块水位以上）——仅土壤、作物斑块生效	clm5_params.c171117.nc k_m_unsat=5e-4；CLM 注释：湿地值的 1/10，引 Bender and Conrad 1992 定性说法	C	建议值 4.0e-5：Bender and Conrad 1992 摘要（只读摘要）新鲜旱地土 Km 30–51 nM（3.0e-5–5.1e-5 mol m⁻³），现值高约 10 倍；预培养土高亲和力组分 13–470 nM	旱地土壤（高亲和力）	改为文献值	3.0e-5	5.1e-5	Bender and Conrad 1992 摘要	旱地吸收（用户不评估）	低优先；湿地斑块不用本值
k_m_o2	2.e-2	mol m⁻³（20 µM）	Methane_Physics.F90:2480、:3142——生效；Methane_Microbes.F90:425（未启用）	clm5_params.c171117.nc k_m_o2=2e-2；CLM 注释 "(Segers 1998, Lidstrom and Somers 1984)"	C	Segers 1998 表 4（第 37 页）：20 µM 来自深湖沉积物（Lidstrom and Somers 1984）单一研究；自然泥炭 200 µM（未振荡样品，上限）、农用泥炭 37、甲烷氧化菌纯培养 0.3–1.3；Riley et al. 2011 第 1931 页"KO2 spans the range 0.3 to 200 µM"	湿地与湖泊	待拟合	2.e-3	2.e-1	Riley et al. 2011 表 1；Müller et al. 2015 表 C1（引 Segers 1998）	O2 受限层（根际、水位附近）的氧化→E/P、β；植物送氧通道	与 vmax_methane_oxid 部分共线，建议 vmax 定到文献值后再拟合本值
q10_methane_oxid	1.9	无量纲	Methane_Physics.F90:2514、:3149——生效	clm5_params.c171117.nc q10_ch4oxid=1.9；CLM 注释 "Segers, 1998"	C	Segers 1998 第 40 页：全部培养合并 1.9±0.4，单因子实验约 2；表 6（第 41 页）泥炭 1.4–2.1、垃圾填埋土 1.9–2.3；Dunfield et al. 1993 第 321 页摘要 1.4–2.1——多研究合成支持现值	湿地、旱地	保留	1.4	2.3	Segers 1998 表 6	E/P 的季节变化（夏季氧化，账本 Q-44）	—
smp_crit	-2.4e5	mm（水势）	Methane_Physics.F90:2506（水位以上氧化乘 exp(−P/Pc)）——生效	clm5_params.c171117.nc smp_crit=-240000；CLM 注释 "From Schnell & King, 1996"；Riley et al. 2011 第 1931 页"roughly consistent with Gulledge and Schimel (1998)"	C	Schnell and King 1996 摘要（只读摘要）：单一土壤与若干培养物，大气 CH4 吸收在 −0.2 MPa 最大，水势再降则下降（Pc 本身未在摘要中）	旱地土壤	保留	—	—	—	湿地水势很少低于 −1 MPa，影响小——推测	单研究来源，低敏感，暂不拟合
oxinhib	400	m³ mol⁻¹	Methane_Physics.F90:2334、:2362（仅 anoxicmicrosites=.true.）——不生效	clm5_params.c171117.nc oxinhib=400；Arah and Stephen 1998（CLM 注释）	C	Müller et al. 2015 表 C1 200–600（Arah and Stephen 1998；Riley 2011）	—	保留	200	600	Müller et al. 2015 表 C1	当前不生效	账本 V-22/Q-14 启用即越守恒上限
lake_oxid_scale	1.0	无量纲	Methane_Physics.F90:2487、:3146——中性	V2 湖泊诊断开关，无出处	D	中性或关闭，无需依据	—	保留	—	—	—	—	—
lake_k_m_o2	-1.0	mol m⁻³	Methane_Physics.F90:2486、:3143——≤0 关闭，用 k_m_o2	V2 湖泊诊断开关，无出处	D	中性或关闭，无需依据	—	保留	—	—	—	—	—
lake_vmax_methane_oxid	-1.0	mol m⁻³ s⁻¹	Methane_Physics.F90:2484–2485、:3140–3141——<0 关闭，用 vmax_methane_oxid	V2 湖泊诊断开关，无出处	D	中性或关闭，无需依据	—	保留	—	—	—	—	—
lake_oxic_sediment_depth	-1.0	m	Methane_Physics.F90:2488、:2496——≤0 关闭	V2 湖泊诊断开关，无出处	D	中性或关闭，无需依据	—	保留	—	—	—	—	—
vgc_max	0.15	无量纲（CH4 平衡分压/当地总压）	Methane_Physics.F90:2888–2889（超过即冒泡，泄到 vgc_max×bubble_f）——生效	clm5_params.c171117.nc vgc_max=0.15；CLM5 技术手册甲烷章"15% of the local pressure (Baird et al. 2004; Strack et al. 2006; Wania et al. 2010)"	C	Peltola et al. 2018 第 938 页：临界气体体积通常取泥炭体积的约 10%（至多 20%，Rosenberry et al. 2006）；Müller et al. 2015 表 C1 0.05–0.3（Kellner et al. 2006；Baird et al. 2004）	泥炭（室内与野外）	保留	0.05	0.3	Müller et al. 2015 表 C1	冒泡占比与事件时机→r（积水塔：marsh、wet tundra）、春季释放	V2 为"超过 vgc_max 触发、泄到 vgc_max×bubble_f"（Methane_Physics.F90:2884–2891）；CLM 在 vgc_max×bubble_f 处触发并泄到同一值（CTSM ch4Mod.F90:3323–3324），两者阈值语义不同
bubble_f	0.57	无量纲	Methane_Physics.F90:2889（冒泡后泄到 vgc_max×bubble_f）——生效	CLM 硬编码 0.57（CTSM ch4Mod.F90:3294，注释"CH4 content in gas bubbles (Kellner et al. 2006)"），单项研究	B	Peltola et al. 2018 第 938 页：已有实测气泡中 CH4 占 20–80%（Waddington 2009、Kellner 2006、Tokida 2005、Glaser 2004、Walter 2008）；第 947 页：报道最低约 10%	泥炭与湿地	保留	0.2	0.8	Peltola et al. 2018 第 938 页	冒泡量与频次→r；积水塔	现值在区间内；注意 V2 中它已是"冒泡后残留比例"而非"气泡 CH4 含量"
scale_factor_gasdiff	1.0	无量纲	Methane_Physics.F90:3391、:3505——生效但中性	clm5_params.c171117.nc scale_factor_gasdiff=1；Riley et al. 2011 表 1 f_D0 敏感性 1、10	C	敏感性开关	—	保留	—	—	—	—	固定为 1
scale_factor_liqdiff	1.0	无量纲	Methane_Physics.F90:3394、:3415、:3418、:3429、:3509——生效但中性	clm5_params.c171117.nc scale_factor_liqdiff=1；Riley et al. 2011 表 1 f_D0 敏感性 1、10	C	敏感性开关	—	保留	—	—	—	—	固定为 1
lake_liqdiff_scale	1.0	无量纲	Methane_Physics.F90:3512——生效但中性	V2 湖泊诊断开关	D	中性	—	保留	—	—	—	—	固定为 1
lake_o2_liqdiff_scale	1.0	无量纲	Methane_Physics.F90:3513——生效但中性	V2 湖泊诊断开关	D	中性	—	保留	—	—	—	—	固定为 1
grnd_methane_cond_default	1.0e-6	m s⁻¹	Methane_Physics.F90:605、:613（有植被斑块一律取此值；只有湖泊或 lai+sai≤1e-6 时改用 κu*/fq）；进入通气组织边界阻抗 :2774、:2789 与地表扩散边界 :3483——生效	无出处（V2 移植时的回退值，Methane_Physics.F90:597–603 注释称待宿主暴露冠层阻抗）；CLM 无此常数：CanopyFluxesMod.F90:1106 现算 grnd_ch4_cond=1/(raw_above+raw_below)，BareGroundFluxesMod.F90:414 为 1/raw；Riley et al. 2011 第 1931–1932 页用 CLM4 的地表气动阻抗	D	无可直接引用的数值；按 CLM 做法应由宿主现算气动与冠层下导度。本次未找到给出湿地冠层下 CH4 交换导度典型值的综述	全部有植被斑块	待拟合	—	—	不宜作拟合对象，见备注	非饱和子柱表层 O2 供给与 CH4 逸出→氧化、E/P、β（夏季水位在地表以下的 bog、fen）；r	建议改结构（宿主现算导度），需主控定；粗算：饱和土表层半层液相扩散阻抗约 1e7 s m⁻¹，1e6 s m⁻¹ 影响有限；非饱和层气相扩散阻抗约 1e3 s m⁻¹，此时 1e6 s m⁻¹ 成为主控——推测（未做敏感性试验）
satpow	2.0	无量纲	Methane_Physics.F90:3507（水位以下液相扩散 θ^satpow）、:3393（雪层）——生效	clm5_params.c171117.nc satpow=2；CLM 注释"2 = Buckingham / Moldrup; 4/3 = Millington-Quirk"；Riley et al. 2011 第 1932 页式 10 De=D0θs² 引 Moldrup et al. 2003	C	Moldrup et al. 2003 为多土壤统一扩散模型（经 Riley et al. 2011 第 1932 页转引，未读原文）；替代值 4/3（Millington-Quirk，CLM 注释）	饱和土	保留	1.33	2.0	CLM 注释（f003690b8 ch4varcon.F90）	水位以下储量与冬季、春季释放（NDJF），影响小——推测	—
capthick	100.0	mm	Methane_Physics.F90:3434（冻结积水厚于此值视为不透气）——生效（冬季）	clm5_params.c171117.nc capthick=100；CLM 注释无出处	C	未找到冰层阻隔 CH4 扩散厚度阈值的文献依据	冬季积水湿地	保留	—	—	—	NDJF 比与解冻脉冲（冬季有积水的塔：FI-Lom、DE-Zrk、marsh 类）	无依据且难以用月通量约束；如冬季项仍偏，再列为拟合对象
poros_tiller	0.3	无量纲（禾草/莎草通气组织孔隙度）	Methane_Physics.F90:2602、:2604；Methane_WetlandVeg.F90:325——生效	CLM 硬编码 0.3（CTSM ch4Mod.F90:2978 注释"Colmer 2003"）；Riley et al. 2011 第 1931 页"Based on the ranges reported in Colmer (2003), ... 0.3 for grass and crop PFTs"	C	Colmer 2003 表 1（第 19 页）缺氧根际下湿地单子叶根孔隙度：稻 32–45%、香蒲 28–34%、芦苇 52%、灯心草 36–45%、Carex acuta 22%；Wania et al. 2010 表 4 拟合分蘖孔隙度 70%（器官不同）	湿地禾草与莎草	保留	0.22	0.52	Colmer 2003 表 1	植物通道占比→r、α；marsh β（账本 Q-12 植物通道占比 0.86）	通气截面=分蘖数×孔隙度×πr²×scale，本值、aere_radius、tiller_C、rob 与 scale_factor_aere 相乘不可分辨，建议只拟合 scale_factor_aere
nongrassporosratio	0.3333333333333333	无量纲	Methane_Physics.F90:2602；Methane_WetlandVeg.F90:326（GLWD 有林份额）——生效	clm5_params.c171117.nc nongrassporosratio=0.33；CLM 注释"Some values in Colmer 2003"；Riley et al. 2011 第 1931 页乔灌 0.1	C	Müller et al. 2015 表 C1 0.2–0.5（引 Colmer 2003）；Colmer 2003 表 1 未列木本湿地种；账本 V-53 试 1/15（Walter et al. 2001）未采用	有林湿地	保留	0.2	0.5	Müller et al. 2015 表 C1	swamp 类（有林份额为 1：BR-Npw、MY-MLM、US-Uaf 等）的植物通道与送氧	—
unsat_aere_ratio	0.1666666666666667	无量纲	Methane_Physics.F90:2608、:2617（非淹水子柱）——生效	CLM 硬编码 0.05/0.3（CTSM ch4Mod.F90:1466，参数读入被注释掉），作者取值	C	Müller et al. 2015 表 C1："Not available in literature"，合理区间 0.1–0.25（Meng et al. 2012 敏感性所用）	—	保留	0.1	0.25	Müller et al. 2015 表 C1	非淹水子柱的植物通道（bog、fen 夏季）	并入 scale_factor_aere 一起看
porosmin	0.05	无量纲	Methane_Physics.F90:2617、:2620——生效（下限）	clm5_params.c171117.nc porosmin=0.05	C	Müller et al. 2015 表 C1 0.01–0.2（Colmer 2003；Cronk and Fennessy 2001）；Colmer 2003 表 1 旱生种对照根孔隙度 1–7%	—	保留	0.01	0.2	Müller et al. 2015 表 C1	很少触及（下限）——推测	—
aere_radius	2.9e-3	m	Methane_Physics.F90:2713（取值函数）；Methane_WetlandVeg.F90:327——生效	CLM 硬编码 2.9e-3（CTSM ch4Mod.F90:3166）；Riley et al. 2011 第 1931 页；源自 Wania et al. 2010 第 571 页 E. angustifolium 3.95 mm 与 C. aquatilis 1.9 mm 的均值（Schimel 1995，阿拉斯加单站）	C	Schimel 1995 第 184 页：E. angustifolium 分蘖直径 7.9 mm、C. aquatilis 3.8 mm、E. scheuchzeri 1.7 mm；Wania et al. 2010 表 4 七站拟合终值 3 mm；未找到多物种综合	北极莎草	保留	—	—	并入 scale_factor_aere	植物通道	实际来源为单站两种植物
rob	3.0	无量纲（根长/深度）	Methane_Physics.F90:2771、:2788——生效	clm5_params.c171117.nc rob=3	C	Müller et al. 2015 表 C1 2–4，"This parameter is poorly constrained"（Arah and Stephen 1998；Riley 2011）	—	保留	2	4	Müller et al. 2015 表 C1	植物通道	并入 scale_factor_aere
scale_factor_aere	1.0	无量纲（通气截面乘子）	Methane_Physics.F90:2714；Methane_WetlandVeg.F90:329——生效	clm5_params.c171117.nc scale_factor_aere=1；Riley et al. 2011 表 1 敏感性区间 0.2–2.0（CLM5 技术手册表为 0.5–1.5）	C	通气组织几何（孔隙度、半径、每分蘖碳、rob）均为单站或作者取值，宜合成一个乘子对站点拟合；Müller et al. 2015 表 6（第 3295 页）16 站（其中 10 座稻田）五参数优化三次均落在下界 0.2	全球	待拟合	0.2	2.0	Riley et al. 2011 表 1	r、α、植物通道占比；marsh β；稻田 β 与 E/P	作为通气组织唯一拟合自由度
aereoxid	0.0	无量纲	Methane_Physics.F90:3171（仅 use_aereoxid_prog=.false.）——不生效	clm5_params.c171117.nc aereoxid=0；CLM 注释：已由预报式送氧替代	C	—	—	保留	—	—	—	不生效	—
wetland_max_wtd	0.13	m	Methane_Physics.F90:3980（wetland_max_wtd_of；use_biome_wetland_max_wtd=.true. 时湿地斑块按类取值，全局值只在类号发布前回退）；SoilSnowHydrology.F90:1239——近乎不生效	账本 C-8（主线），作者取值；V-98、V-99 在测 −1 与 0.30	D	按类值由用户管理，全局值无需依据	—	保留	—	—	—	近乎不生效	—
peat_K0	10.0	m s⁻¹	Methane_Physics.F90:4036（wetland_peat_outflow）；由 SoilSnowHydrology.F90:1254 调用——生效	账本 C-11（Bechtold et al. 2019）	A	Bechtold et al. 2019 第 2.2.2 节："we prescribe the representative pair of values K_s,macro,z=0 = 10 m/s and m = 3"，典型值取自 Romanov 1968（无 DOI），van der Schaaf 1999 指出两者正相关；摘要：参数取自文献、未调参，并以新汇编的多站地下水位数据评估	北方泥炭（藓沼为主）	保留	—	—	—	水位（有实测水位的塔）	热带与矿质湿地无对应观测
peat_m	3.0	无量纲	Methane_Physics.F90:4035–4036——生效	账本 C-11（Bechtold et al. 2019）	A	同 peat_K0（Bechtold et al. 2019 第 2.2.2 节）	北方泥炭	保留	—	—	—	水位	—
peat_c	1.5e-5	m⁻¹	Methane_Physics.F90:4048——生效	账本 C-11：Bechtold et al. 2019；账本称原文正文印 1e-7、代码与 Apers et al. 2022 与图 2 对应 1e-5	B	Bechtold et al. 2019 第 2.2.2 节：c 由 Weiss et al. 2006 一项研究的一座天然 bog 与一座天然 fen 的 Q–水位数据约束，正文印"1.5 × 10−7 m−1"（已读）；1e-5 的说法本次未核	北方泥炭	待拟合	1.5e-7	1.5e-5	下界 Bechtold et al. 2019 第 2.2.2 节正文值；上界现值（账本所称代码值）	水位误差（FI-Sii、FI-Lom、SE-Deg、CA-SCB、DE-SfN、JP-BBY、US-Los）进而 bog、fen β；BR-Npw	对实测水位拟合，不对 CH4 拟合；出水线性正比于 c
organic_max	130.0	kg OM m⁻³	Methane_Physics.F90:4044（泥炭/矿质按 OM_density/130 混合，仅出水）——生效	clm5_params.c171117.nc organic_max=130；做法同 Lawrence and Slater 2008	C	沿用 CLM；未另查（仅决定泥炭与矿质导水的混合比例）	—	保留	—	—	—	水位（矿质湿地）	注意扩散中的 om_frac 用的是 BGC 的 organic_max（mkinidata/MOD_Initialize.F90:681 同为 130），不是本键
wetland_microtopo_sigma	0.11	m	Methane_Physics.F90:874、:884（方案 8 动态湿地淹水比例 0.5·erfc）——生效	账本 C-11、D-5（暂缓）、V-43、D-28（恢复 0.11）；Bechtold et al. 2019	D	Bechtold et al. 2019 第 2.2.1 节："we subjectively combined the heterogeneous information ... and assumed a standard deviation of 0.11 m"，略高于表 1 两项正态拟合实测 0.06–0.09 m（Dettmann and Bechtold 2016a；Malhotra et al. 2016）；丘–洼平均高差 0.2–0.43 m，西西伯利亚脊–洼 0.4–0.7 m	北方泥炭	待拟合	0.06	0.11	下界 Bechtold et al. 2019 表 1 实测；上界 PEAT-CLSM 取值（已计入大尺度脊–洼）	fen β（V-43 fen β 0.30→0.44）、wet tundra β 与 α、淹水季节→r	—
wetland_npp_frac	0.5	无量纲（NPP/GPP；CoLM assim 为总光合）	BgcShim.F90:268（植物输入）；Methane_WetlandVeg.F90:315（通气组织所用 NPP）——生效	账本 C-12：Mer Bleue 单站 NPP/GPP≈0.55（Moore et al. 2002 第 33–34 页）；CLASS-CTEM 泥炭地版自养呼吸占 GPP 40–50%（Wu et al. 2016）	B	建议值 0.43：Luo et al. 2025 摘要（只读摘要）2,737 站年涡度数据 CUE=0.43±0.12，清查 0.47±0.12（n=301）；DeLucia et al. 2007 摘要（只读摘要）森林 0.23–0.83	全球（涡度站点以森林与草地为主）	改为文献值	0.31	0.55	Luo et al. 2025 摘要（均值±1 SD）	β（全部湿地类，近线性）；植物通道	与 f 共线；assim 为总光合（MOD_AssimStomataConductance.F90 中 assimn=assim−respc）
wetland_litter_cn	46.0	g C g⁻¹ N	BgcShim.F90:278、:296–300——生效	账本 C-12：CoLM 禾草叶凋落物 50 与细根 42 的均值（MOD_Const_PFT）	C	未另查：wetland_n_unlimited=.true. 补足氮，本值只影响吸氮记账——推测	—	保留	—	—	—	低	—
wetland_bg_frac	0.35	无量纲（植物输入沿根系的份额）	Methane_WetlandVeg.F90:249、:253（同时决定通气组织 nppratio）——生效	账本 C-15、D-8；v2/results/lit_npp_allocation.json：莎草泥沼 0.35（Graf and Rochefort 2009 一处泥沼两种植物 0.38、0.28）	B	Hui and Jackson 2006 摘要（只读摘要）：12 个草地站 94 站年，fBNPP 0.40–0.86；lit_npp_allocation.json 按类（前一轮核对，本次未复读原文）：莎草 fen 0.35（0.28–0.8）、开阔 bog 整体 0.53–0.59、淡水沼泽 0.30（0.18–0.46）、湿苔原约 0.6（0.3–0.9）	草地与湿地	待拟合	0.28	0.86	下界 Graf and Rochefort 2009（经 json）；上界 Hui and Jackson 2006 摘要	r（C-15 使 FI-Sii 0.78→0.49、SE-Deg 0.79→0.54、FI-Si2 0.77→0.67）、春季脉冲、bog 与 fen β	—
tiller_C	0.22	g C（每分蘖）	Methane_Physics.F90:2712（取值函数）；Methane_WetlandVeg.F90:328——生效	CLM 硬编码 0.22（CTSM ch4Mod.F90:3158）；Riley et al. 2011 第 1931 页；Wania et al. 2010 第 571 页：阿拉斯加 E. angustifolium 与 C. aquatilis 平均 0.48 g 干物质、按含碳 45%（Schimel 1995）	C	Schimel 1995 第 184 页：E. angustifolium 分蘖 1.05 g、C. aquatilis 0.64 g、E. scheuchzeri 0.09 g（单站）；未找到多物种综合	北极莎草	保留	—	—	并入 scale_factor_aere	植物通道	实际来源为单站
wetland_root_efold	0.2517	m	Methane_WetlandVeg.F90:269–273（植物输入与 CH4 根分布）——生效	账本 C-28、D-28；Wania et al. 2010 第 567 页 λroot=25.17 cm（拟合 Gallego-Sala 2008 两处威尔士 bog 与 Bernard and Fiala 1986 纽约三种植物的根量）	B	据 data/_tmp/分析_260926_湿地根系剖面/notes.txt（前一会话读原文与读图，本次未复读）：莎草 fen 实测 Jackson β 0.955–0.976（Lampela et al. 2023；Moore et al. 2002 图 2），淡水沼泽 0.939–0.972（Lei et al. 2020 图 2），换算 e 折 0.16–0.41 m；Jackson et al. 1996 各生物群系排除湿地	莎草泥沼与淡水沼泽	保留	0.16	0.41	上述多站实测换算（e 折=−1/ln β）	bog、fen β（水位以下输入份额）；植物通道	现值落在多站实测区间内
wetland_exudate_frac	0.15	无量纲（植物输入中的根分泌份额）	BgcShim.F90:224、:274–276——生效	账本 C-23、D-28；Wania et al. 2010 表 4（第 573 页）7 座北方泥炭站联合拟合终值 0.15（候选 0.05–0.15）	B	Pausch and Kuzyakov 2018 第 5 页：281 组 13C/14C 标记数据，净根际沉积占同化碳 草 5%（中位 4%）、作物 3%（3%），根源 CO2 草 12%、作物 8%；按 CUE 0.5 折成 NPP 份额，净沉积约 0.06–0.10——推测（推算）	草地与作物（湿地莎草缺专门合成）	待拟合	0.06	0.20	下界 Pausch and Kuzyakov 2018 第 5 页作物 3%÷0.5；上界 Wania et al. 2010 表 4 敏感性最大值 0.20	bog、fen β（V-24 单开 β 不动）、r	净根际沉积低估总分泌（分泌物大多迅速被呼吸）
wetland_f_tree_ratio	-1.0	无量纲	Methane_Physics.F90:2124、:2128——关闭	账本 C-30 接受后于 D-38 撤销（全球不成立）	D	—	—	保留	—	—	—	不生效	—
lake_decomp_fact	9.e-11	s⁻¹（25 °C 基准）	Methane_Physics.F90:2153、:2157（湖泊沉积物分解）——生效	clm5_params.c171117.nc lake_decomp_fact=9e-11；CLM 注释"Equates to about a 200 year lifetime"（按 25 °C 实为约 352 年）	C	本次未找到湖泊沉积物一阶速率常数的多湖综合值；Kelly and Chynoweth 1981 摘要（只读摘要）：分层期湖泊 CH4 通量与有机输入线性相关，输入的 47±9% 以 CH4 释放——量级应由输入通量而非"库存×速率"决定	湖泊	待拟合	—	—	无文献区间；以 Johnson et al. 2022 分区单位面积排放为拟合目标	DE-Dgw β 0.03；全球湖泊分区	与底物（土壤图回落值）与 f 共线；结构问题见账本 Q-29、Q-35
q10lakebase	298.0	K	Methane_Physics.F90:2155、:2159——生效	clm5_params.c171117.nc q10lakebase=298	C	与 lake_decomp_fact 共线；湖泊产甲烷 Q10：Kelly and Chynoweth 1981 摘要 2.4（模式为 1.5×1.33=2.0）	湖泊	保留	—	—	—	—	固定 298 K，拟合 lake_decomp_fact
atm_methane	1.7e-6	mol mol⁻¹	Methane_Const.F90:1523（methane_atm_mixing_ratio，use_transient_atm_methane=.false.）——生效	clm5_params.c171117.nc atmch4=1.7e-6；CLM 注释称大气 CH4 取常数	C	建议改用逐年值：NOAA GML 全球年均 1996 年 1751.30、2000 年 1773.22、2010 年 1798.93、2020 年 1878.72、2023 年 1921.40 ppb（NOAA 年均文件；DataCite 10.15138/P8XG-AA10）；现值比 1996–2023 低 3–11%	全球	改为文献值	—	—	—	影响很小（只改大气边界浓度）——推测	用 use_transient_atm_methane 读 NOAA 年表
B_init_methanogen	1.0	（微生物库）	Methane_Microbes.F90:172、:184、:686——use_microbial_pools=.false.，不生效	无出处；Const 注释：运行期校验在生物量与碳收支耦合前拒绝启用	D	未启用，未查	—	保留	—	—	—	不生效	—
B_init_methanotroph	1.0	（微生物库）	Methane_Microbes.F90:173、:185、:688——use_microbial_pools=.false.，不生效	无出处；Const 注释：运行期校验在生物量与碳收支耦合前拒绝启用	D	未启用，未查	—	保留	—	—	—	不生效	—
B_min_methanogen	1.0e-3	（微生物库）	Methane_Microbes.F90:357、:395、:499——use_microbial_pools=.false.，不生效	无出处；Const 注释：运行期校验在生物量与碳收支耦合前拒绝启用	D	未启用，未查	—	保留	—	—	—	不生效	—
B_min_methanotroph	1.0e-3	（微生物库）	Methane_Microbes.F90:359、:430、:509——use_microbial_pools=.false.，不生效	无出处；Const 注释：运行期校验在生物量与碳收支耦合前拒绝启用	D	未启用，未查	—	保留	—	—	—	不生效	—
B_max_fraction_methanogen	-1.0	（微生物库）	Methane_Microbes.F90:500、:502——use_microbial_pools=.false.，不生效	无出处；Const 注释：运行期校验在生物量与碳收支耦合前拒绝启用	D	未启用，未查	—	保留	—	—	—	不生效	—
B_max_fraction_methanotroph	-1.0	（微生物库）	Methane_Microbes.F90:510、:512——use_microbial_pools=.false.，不生效	无出处；Const 注释：运行期校验在生物量与碳收支耦合前拒绝启用	D	未启用，未查	—	保留	—	—	—	不生效	—
mu_max_methanogen	0.2	（微生物库）	Methane_Microbes.F90:390——use_microbial_pools=.false.，不生效	无出处；Const 注释：运行期校验在生物量与碳收支耦合前拒绝启用	D	未启用，未查	—	保留	—	—	—	不生效	—
mu_max_methanotroph	0.5	（微生物库）	Methane_Microbes.F90:426——use_microbial_pools=.false.，不生效	无出处；Const 注释：运行期校验在生物量与碳收支耦合前拒绝启用	D	未启用，未查	—	保留	—	—	—	不生效	—
gamma_methanogen	0.05	（微生物库）	Methane_Microbes.F90:391——use_microbial_pools=.false.，不生效	无出处；Const 注释：运行期校验在生物量与碳收支耦合前拒绝启用	D	未启用，未查	—	保留	—	—	—	不生效	—
gamma_methanotroph	0.10	（微生物库）	Methane_Microbes.F90:427——use_microbial_pools=.false.，不生效	无出处；Const 注释：运行期校验在生物量与碳收支耦合前拒绝启用	D	未启用，未查	—	保留	—	—	—	不生效	—
gamma_microbial_dormant	0.005	（微生物库）	Methane_Microbes.F90:418、:451——use_microbial_pools=.false.，不生效	无出处；Const 注释：运行期校验在生物量与碳收支耦合前拒绝启用	D	未启用，未查	—	保留	—	—	—	不生效	—
gamma_microbial_freeze	0.001	（微生物库）	Methane_Microbes.F90:356——use_microbial_pools=.false.，不生效	无出处；Const 注释：运行期校验在生物量与碳收支耦合前拒绝启用	D	未启用，未查	—	保留	—	—	—	不生效	—
rice_aereoxid	0.3	无量纲（进入通气组织的 CH4 在根际被氧化的份额）	Methane_Physics.F90:1394、:1538（开关）、:3249（稻田各层）——生效（稻田列）	账本 C-25（0.65，Cao 1995、Huang 1998）→C-35 改 0.3（Q-32 抑制剂法根际份额 10–47%）	B	Epp and Chanton 1993 摘要（只读摘要）：甲基氟抑制法，田间与室外（含水稻、香蒲）氧化占产量 10–47%，温室 23–90%；van Bodegom 2000 季均 32±8%（经稻田笔记转引，未复读）	稻田	保留	0.10	0.47	Epp and Chanton 1993 摘要	稻田塔 β（IT-Cas 0.75、KR-CRK 1.21、PH-RiF 1.89、US-Twt 1.24、JP-Mse 0.78）与 E/P	HEAD 已有候选 5 改稻田根际送氧口径（4672cd4d），与本值相互作用
DEF_WETLAND_PEAT_C_PASSIVE_ZTOP	0.3	m	mkinidata/MOD_Initialize.F90:1191（节点深度小于此值的泥炭初值不进慢库）——生效（初值）	账本 C-17b（引 Clymo 1984：acrotelm 10–50 cm）	B	Wania et al. 2010 第 567 页："The acrotelm (i.e. the top 0.3 m, fixed for all locations)"；Bechtold et al. 2019 第 2.2.3 节：地下水位多在表层波动，至 −0.3 至 −0.7 m（Ivanov 1981）；Clymo 1984 未读原文——存疑	北方泥炭	保留	0.3	0.7	Bechtold et al. 2019 第 2.2.3 节（引 Ivanov 1981）	bog、fen β（表层可分解碳）、平衡期	C-52 模式 2 也以本值作水力分层，改值两处同变
DEF_RICE_ROOT_EXUDATE	0.15	无量纲（可用碳扣生长呼吸后分给根分泌物的份额）	main/BGC/MOD_BGC_Veg_NutrientCompetition.F90:368–370（稻 PFT 61、62）——生效	账本 C-37：与湿地 C-23 同取 Wania et al. 2010 的 0.15（莎草值借用）	D	Lu et al. 2002 摘要（只读摘要，稻田 13C 脉冲）：净同化碳 1–5% 进入土壤，平均 19.5% 被植株与微生物呼吸；Pausch and Kuzyakov 2018 第 5 页：作物净根际沉积 3%、根源 CO2 8%（占同化碳）	稻田	待拟合	0.01	0.22	下界 Lu et al. 2002 摘要；上界 Pausch and Kuzyakov 2018 第 5 页作物（3%+8%）÷CUE 0.5——推算	稻田季中峰与 r（JP-Mse −0.05、US-Twt 0.16、PH-RiF 0.31）、稻田 β	稻田笔记用 KR-CRK 反推 NPP 的 8–33%，现值在内
DEF_RICE_GRNFILL	0.40	无量纲（灌浆起点占成熟热量单位的份额）	main/BGC/MOD_BGC_Veg_NutrientCompetition.F90:299；main/BGC/MOD_BGC_Veg_CNPhenology.F90:1048——生效（稻）	账本 C-46：clm5_params.c171117.nc 稻与灌溉稻 grnfill=0.4（已核）	C	沿用 CLM5；未另查	稻田	保留	—	—	—	稻田物候与收获时机→r	—
DEF_PADDY_DRAIN_DAYS	21.0	d（预计收获前停灌天数）	main/BGC/MOD_BGC_Veg_CNPhenology.F90:1130–1134；main/MOD_SoilSnowHydrology.F90:2837；main/MOD_Irrigation.F90:338–339——生效	账本 C-47：七座稻田塔收获前 2–3 周排干（稻田笔记第 246 行）；Bouman et al. 2007（无 DOI）	B	来源为本项目 7 座稻田塔的管理记录，属多站观测；未另找区域综合	稻田	保留	14	21	稻田笔记第 246 行（七塔收获前 2–3 周）	收获前后脉冲→稻田 r	—
