tower	DEF_WETLAND_POND_TARGET_SITE_m	obs_pond_median_m	obs_pond_source	DEF_METHANE%wetland_cover_frac_site	cover_source	note
US-Tw1	0.2	0.309	Observation US-Tw1_2011-2018 WTD, median of daily means 2012-2018 (n=2363 d; yearly 0.269-0.403); Sitedata WTD_daily -0.309	0.970	site_facts.csv US-Tw1 vascular cover row: 85% flux footprint 2018, doi 10.1371/journal.pone.0248398 Table 1 (whole site 0.997)	measured pond deeper than 0.2 m: target capped at wetwatmax 0.2 m
US-Tw4	0.190	0.190	Observation US-Tw4_2013-2018 WTD, median of daily means 2014-2018 (n=1746 d; yearly 0.483, 0.376, 0.122, 0.037, 0.091); Sitedata WTD_daily -0.203	0.842	site_facts.csv US-Tw4 vascular cover row: 85% flux footprint 2018, doi 10.1371/journal.pone.0248398 Table 1 (whole site 0.821)	pond fell year by year after rewetting
US-Tw5	0.2	0.660	Observation US-Tw5_2018-2018 WTD, median of daily means 2018 (n=247 d); Sitedata WTD_daily -0.727	0.912	site_facts.csv US-Tw5 vascular cover row: 85% flux footprint 2018, doi 10.1371/journal.pone.0248398 Table 1 (whole site 0.968)	measured pond deeper than 0.2 m: target capped at 0.2 m
US-Myb	0.2	1.236	Observation US-Myb_2010-2018 WTD, median of daily means 2010-2018 (n=2866 d; yearly 0.917-1.372); Sitedata WTD_daily -1.236	0.57	site_facts.csv US-Myb vascular cover row: flux-footprint annual mean 2014-03 to 2015-03, doi 10.1111/gcb.13580 Table 3 (0.57 +- 0.12; open water 0.40); alternative 0.480 (85% footprint 2018) and 0.644 (whole site 2018), doi 10.1371/journal.pone.0248398 Table 1	WTD is channel water depth (ledger Q-16), vegetated area about 0.2 m; target capped at 0.2 m; 0.57 chosen as the mid-record footprint value, 2018 falls in the pest and salt-intrusion years
US-Sne	0.143	0.143	Observation US-Sne_2016-2018 WTD, median of daily means 2016-2018 (n=780 d; 2016 -0.096 before rewetting, 2017 0.177, 2018 0.105); Sitedata WTD_daily -0.143	0.454	site_facts.csv US-Sne vascular cover row: 85% flux footprint 2018, doi 10.1371/journal.pone.0248398 Table 1 (whole site 0.583)	cover class includes floating plants and algae, 24% of vegetation cover (same source); emergent only would be about 0.345
US-WPT	0.2	0.390	Observation US-WPT_2011-2013 WTD, median of daily means 2011-2013 (n=759 d; yearly 0.267-0.426); Sitedata WTD_daily -0.426	0.956	site_facts.csv US-WPT vascular cover row: 0-250 m footprint 2011-2013, doi 10.1002/2013JG002520 Sect. 2.1 (emergent 0.527 + floating-leaved 0.429)	measured pond deeper than 0.2 m: target capped at 0.2 m
US-OWC	0.2	0.599	Observation US-OWC_2015-2016 WTD, median of daily means 2015-2016 (n=349 d; 2015 0.927, 2016 0.523); Sitedata WTD_daily -0.766	0.515	site_facts.csv US-OWC vascular cover row: 2015, doi 10.1111/gcb.70053 Sect. 2.1 (Typha 0.418 + floating 0.097, derived sum)	not managed: lake-driven, permanently flooded; measured pond deeper than 0.2 m: target capped at 0.2 m
US-DPW	none	none	Observation US-DPW_2013-2017 WTD and WTD_f all missing (0 of 70319); Sitedata has no WTD_daily	none	site_facts.csv US-DPW vascular cover row: not found in sources	no pond target: natural seasonal depression marsh, needs dry-season drawdown (diag_marsh_260929 section 3.2)
US-ORv	none	none	Observation US-ORv_2011-2015 WTD and WTD_f all missing (0 of 87647); Sitedata has no WTD_daily	none	site_facts.csv US-ORv vascular cover row: not found in sources	footprint share of open water plus emergent marsh 0.195 is not a cover value (diag section 6.1)
