tag	tree	cfg	sites	finished	all	wetland	bog	fen	marsh	swamp	wet tundra	drained	permafrost	rice
v2_oo5w3	paper_v2/v260929/sp_v2_c51	v2_oo5w3	all	09-29 09:19	-0.37/0.70/0.62/0.46	-0.54/0.57/0.50/0.46	-0.64/0.60/0.47/0.32	-0.69/0.36/0.32/0.50	-0.54/0.53/0.36/0.59	-1.75/0.42/0.40/0.46	-0.19/1.17/1.52/0.73	-0.84/1.11/0.63/-0.12	-0.37/1.50/3.15/0.37	0.06/1.21/1.43/0.31
v2_oo5w0	paper_v2/v260929/sp_v2_c51	v2_oo5w0	all	09-29 09:28	-0.64/0.49/0.57/0.42	-0.69/0.44/0.44/0.44	-0.61/0.49/0.43/0.29	-0.79/0.31/0.31/0.53	-2.38/0.03/0.13/0.45	-1.75/0.42/0.38/0.40	-0.05/0.81/1.33/0.67	-0.84/0.61/0.63/-0.12	-0.36/1.44/3.12/0.35	0.06/1.21/1.43/0.31
v2_oo5p1w0	paper_v2/v260929/sp_v2_c52	v2_oo5p1w0	all	09-29 09:41	-0.24/0.71/0.75/0.49	-0.46/0.65/0.67/0.49	0.00/0.69/0.71/0.55	-0.01/0.51/0.57/0.60	-2.38/0.03/0.13/0.45	-1.75/0.42/0.38/0.40	0.21/1.03/2.03/0.69	-0.84/0.91/0.63/-0.12	-4.28/54.27/28.32/0.16	0.06/1.21/1.43/0.31
v2_oo5qh	paper_v2/v260929/sp_v2_c52	v2_oo5qh	all	09-29 09:42	0.11/1.16/1.24/0.73	0.12/1.20/1.24/0.77	0.13/1.02/0.94/0.76	-0.05/0.70/0.81/0.84	0.53/1.33/1.21/0.81	-1.82/0.54/0.52/0.45	0.43/1.19/1.48/0.76	-0.77/1.36/0.48/-0.12	-0.31/1.40/3.08/0.42	0.11/1.14/1.34/0.34
v2_oo5p1	paper_v2/v260929/sp_v2_c52	v2_oo5p1	all	09-29 09:45	0.20/1.14/1.06/0.70	0.21/1.14/1.03/0.74	0.24/1.03/0.84/0.74	0.35/0.82/0.78/0.80	0.51/1.26/0.97/0.83	-1.75/0.42/0.41/0.46	0.23/1.13/2.01/0.76	-0.84/1.28/0.63/-0.12	-4.28/54.27/28.32/0.16	0.06/1.21/1.43/0.31
v2_oo5p2	paper_v2/v260929/sp_v2_c52	v2_oo5p2	all	09-29 09:46	0.26/1.11/1.06/0.70	0.31/1.11/1.01/0.72	0.32/0.99/0.80/0.73	0.31/0.83/0.79/0.80	0.51/1.26/0.97/0.83	-1.75/0.42/0.41/0.46	0.32/1.13/1.88/0.73	-0.84/1.28/0.63/-0.12	-0.25/0.51/1.42/0.00	0.06/1.21/1.43/0.31
v2_oo5	paper_v2/v260929/sp_v2_c52	v2_oo5	all	09-29 10:12	0.08/1.18/1.06/0.69	0.11/1.18/1.01/0.73	0.08/0.97/0.64/0.72	0.11/0.70/0.69/0.82	0.51/1.26/0.97/0.83	-1.75/0.42/0.41/0.46	0.45/1.27/1.52/0.73	-0.84/1.28/0.63/-0.12	-0.49/1.64/3.49/0.36	0.06/1.21/1.43/0.31
v2_oo5p2w0	paper_v2/v260929/sp_v2_c52	v2_oo5p2w0	all	09-29 10:19	-0.19/0.71/0.75/0.50	-0.30/0.67/0.68/0.53	0.11/0.76/0.67/0.64	0.29/0.66/0.65/0.73	-2.38/0.03/0.13/0.45	-1.75/0.42/0.38/0.40	0.34/1.06/1.82/0.73	-0.84/0.95/0.63/-0.12	-0.25/0.51/1.42/0.00	0.06/1.21/1.43/0.31
v2_oo5c5	paper_v2/v260929/sp_v2_c57	v2_oo5c5	rice	09-29 10:36	-0.08/1.82/1.81/0.29									-0.08/1.82/1.81/0.29
v2_oo5c4a	paper_v2/v260929/sp_v2_c57	v2_oo5c4a	wet	09-29 10:51	0.29/1.16/1.04/0.77	0.29/1.16/1.04/0.77	0.01/0.94/0.61/0.72	-0.01/0.63/0.63/0.82	0.47/1.47/0.90/0.83	-0.80/0.95/0.99/0.44	0.43/1.21/1.49/0.72		-0.45/1.55/3.32/0.32	
v2_oo5g	paper_v2/v260929/sp_v2_c57	v2_oo5g	wet	09-29 10:51	0.29/1.17/1.05/0.77	0.29/1.17/1.05/0.77	0.20/1.08/0.88/0.73	0.06/0.79/0.86/0.85	0.50/1.40/1.03/0.79	-1.69/0.45/0.46/0.43	0.40/1.27/1.54/0.75		0.03/0.79/2.35/0.61	
v2_oo5po	paper_v2/v260929/sp_v2_c57	v2_oo5po	boreal	09-29 11:08	0.02/0.70/0.70/0.78	0.02/0.70/0.70/0.78	0.09/0.79/0.63/0.69	0.11/0.65/0.58/0.82			0.02/0.65/1.00/0.78		-0.24/1.12/2.61/0.22	
v2_oo5ua	paper_v2/v260929/sp_v2_c57	v2_oo5ua	wet	09-29 11:27	0.09/1.00/1.08/0.74	0.09/1.00/1.08/0.74	0.39/1.13/1.22/0.66	0.09/0.93/0.99/0.84	0.25/0.89/0.62/0.74	-1.75/0.42/0.31/0.47	0.32/1.27/1.72/0.78		-0.66/1.93/4.28/0.54	
v2_oo5	paper_v2/v260929/sp_v2_c56	v2_oo5	all	09-29 11:30	0.08/1.18/1.06/0.69	0.11/1.18/1.01/0.73	0.08/0.97/0.64/0.72	0.11/0.70/0.69/0.82	0.51/1.26/0.97/0.83	-1.75/0.42/0.41/0.46	0.45/1.27/1.52/0.73	-0.84/1.28/0.63/-0.12	-0.49/1.64/3.49/0.36	0.06/1.21/1.43/0.31
v2_oo5c5b	paper_v2/v260929/sp_v2_c57	v2_oo5c5b	rice	09-29 11:40	0.22/0.94/0.96/0.28									0.22/0.94/0.96/0.28
v2_oo5p1qh	paper_v2/v260929/sp_v2_c52	v2_oo5p1qh	all	09-29 11:51	0.18/1.21/1.29/0.71	0.22/1.25/1.29/0.78	0.37/1.18/1.24/0.75	0.16/0.87/0.93/0.87	0.53/1.33/1.21/0.81	-1.82/0.54/0.52/0.45	0.29/1.11/1.99/0.79	-0.77/1.36/0.48/-0.12	-4.65/64.90/41.25/0.15	0.11/1.14/1.34/0.34
v2_oo5c4b	paper_v2/v260929/sp_v2_c57	v2_oo5c4b	wet	09-29 12:22	0.22/1.26/1.19/0.75	0.22/1.26/1.19/0.75	0.09/1.07/0.69/0.70	0.16/0.72/0.70/0.83	0.42/1.69/1.05/0.83	-0.60/1.12/1.19/0.43	0.37/1.41/1.68/0.73		-0.47/1.60/3.43/0.34	
v2_oo5	paper_v2/v260929/sp_v2_c58	v2_oo5	all	09-29 12:37	0.08/1.18/1.06/0.69	0.11/1.18/1.01/0.73	0.08/0.97/0.64/0.72	0.11/0.70/0.69/0.82	0.51/1.26/0.97/0.83	-1.75/0.42/0.41/0.46	0.45/1.27/1.52/0.73	-0.84/1.28/0.63/-0.12	-0.49/1.64/3.49/0.36	0.06/1.21/1.43/0.31
v2_p2pf	paper_v2/v260929/sp_v2_c63	v2_p2pf	rice	09-29 12:44	-0.10/1.37/1.51/0.22									-0.10/1.37/1.51/0.22
v2_p2ma	paper_v2/v260929/sp_v2_c63	v2_p2ma	wet	09-29 12:55	0.32/0.96/0.89/0.71	0.32/0.96/0.89/0.71	0.36/0.86/0.79/0.72	0.04/0.60/0.57/0.78	0.46/1.13/0.90/0.81	-1.75/0.42/0.41/0.46	0.34/0.99/1.81/0.70		-5.55/0.00/0.04/0.14	
v2_p2fl	paper_v2/v260929/sp_v2_c63	v2_p2fl	boreal	09-29 13:00	0.21/1.21/1.18/0.72	0.21/1.21/1.18/0.72	0.31/1.06/0.79/0.68	0.21/0.96/0.78/0.76			0.21/1.35/2.08/0.71		-0.28/0.73/1.95/-0.04	
v2_p2gh	paper_v2/v260929/sp_v2_c63	v2_p2gh	wet	09-29 13:03	0.35/1.14/1.10/0.77	0.35/1.14/1.10/0.77	0.35/1.17/1.20/0.78	0.28/1.03/1.14/0.86	0.50/1.40/1.03/0.79	-1.69/0.45/0.46/0.43	0.32/1.14/1.93/0.75		-0.54/0.40/1.99/-0.03	
v2_p2ua	paper_v2/v260929/sp_v2_c63	v2_p2ua	wet	09-29 13:06	0.25/0.94/0.98/0.73	0.25/0.94/0.98/0.73	0.37/1.04/1.16/0.74	0.10/0.92/0.97/0.84	0.25/0.89/0.62/0.74	-1.75/0.42/0.31/0.47	0.37/1.12/1.85/0.75		-0.15/0.72/2.00/0.15	
v2_c63p2	paper_v2/v260929/sp_v2_c63	v2_oo5p2	all	09-29 13:53	0.26/1.11/1.06/0.70	0.31/1.11/1.01/0.72	0.32/0.99/0.80/0.73	0.31/0.83/0.79/0.80	0.51/1.26/0.97/0.83	-1.75/0.42/0.41/0.46	0.32/1.13/1.88/0.73	-0.84/1.28/0.63/-0.12	-0.25/0.51/1.42/0.00	0.06/1.21/1.43/0.31
v2_p2rx25	paper_v2/v260929/sp_v2_c63	v2_p2rx25	all	09-29 14:38	0.17/1.08/1.06/0.71	0.33/1.06/1.04/0.72	0.30/0.97/0.81/0.70	0.35/0.75/0.74/0.82	0.47/1.47/0.90/0.83	-0.80/0.95/0.99/0.44	0.38/1.05/1.76/0.72	-1.66/1.35/2.13/-0.12	-0.31/0.46/1.27/-0.02	-0.08/1.95/1.93/0.29
v2_p2x	paper_v2/v260929/sp_v2_c70	v2_p2x	all	09-29 14:53	0.20/1.22/1.14/0.71	0.20/1.24/1.13/0.73	0.29/1.10/0.84/0.75	0.20/0.92/0.87/0.78	0.50/1.40/1.01/0.82	-1.51/0.44/0.42/0.46	0.29/1.23/2.00/0.74	-0.88/1.46/0.67/-0.04	-0.24/0.61/1.71/-0.00	0.06/1.21/1.43/0.31
v2_p2xrx25	paper_v2/v260929/sp_v2_c70	v2_p2xrx25	all	09-29 15:04	0.16/1.18/1.15/0.72	0.30/1.15/1.11/0.73	0.39/1.07/0.88/0.71	0.30/0.83/0.83/0.80	0.47/1.64/1.00/0.83	-0.64/0.99/1.07/0.44	0.30/1.14/1.92/0.74	-1.61/1.47/2.28/-0.04	-0.26/0.55/1.55/-0.02	-0.08/1.95/1.93/0.29
v2_p2xrx40	paper_v2/v260929/sp_v2_c70	v2_p2xrx40	all	09-29 15:09	0.29/1.07/1.02/0.72	0.30/1.01/0.95/0.74	0.27/0.95/0.78/0.73	0.31/0.72/0.76/0.79	0.43/1.38/0.82/0.83	-0.88/0.82/0.86/0.44	0.35/0.95/1.80/0.73	-1.51/1.32/2.08/-0.04	-0.29/0.51/1.46/-0.04	-0.09/1.57/1.57/0.29
v2_p2xrx55	paper_v2/v260929/sp_v2_c70	v2_p2xrx55	all	09-29 15:14	0.12/0.93/0.88/0.73	0.18/0.89/0.81/0.74	0.08/0.82/0.70/0.74	0.12/0.61/0.71/0.76	0.33/1.16/0.63/0.79	-1.19/0.65/0.65/0.45	0.29/0.87/1.70/0.73	-1.39/1.18/1.77/-0.04	-0.32/0.48/1.38/-0.05	0.07/1.19/1.20/0.29
v2_p2xli3	paper_v2/v260929/sp_v2_c70	v2_p2xli3	all	09-29 15:17	-0.08/1.22/1.29/0.64	-0.22/1.26/1.29/0.66	0.42/1.35/1.54/0.66	0.38/1.14/1.17/0.86	0.11/0.87/0.92/0.58	-1.51/0.44/0.42/0.46	0.14/1.63/2.05/0.79	-0.88/1.46/0.67/-0.04	-0.24/0.61/1.71/-0.00	0.06/1.21/1.43/0.31
v2_p2xli10	paper_v2/v260929/sp_v2_c70	v2_p2xli10	all	09-29 15:18	-0.06/1.35/1.31/0.66	-0.17/1.41/1.31/0.67	0.31/1.64/1.40/0.70	0.30/1.41/1.44/0.86	0.24/0.98/0.88/0.66	-1.51/0.44/0.42/0.46	0.14/1.63/2.05/0.79	-0.88/1.46/0.67/-0.04	-0.24/0.61/1.71/-0.00	0.06/1.21/1.43/0.31
v2_p2xbf	paper_v2/v260929/sp_v2_c72	v2_p2xbf	peat	09-29 15:43	0.29/0.88/0.95/0.69	0.29/0.88/0.95/0.69	0.38/0.86/0.95/0.64	0.20/0.92/0.87/0.78					-0.24/0.61/1.71/-0.00	
v2_p2xgd	paper_v2/v260929/sp_v2_c74	v2_p2x	rice	09-29 15:48	0.06/1.24/1.58/0.67									0.06/1.24/1.58/0.67
v2_p2xnl	paper_v2/v260929/sp_v2_c70	v2_p2xnl	all	09-29 15:51	0.13/1.35/1.25/0.73	0.16/1.40/1.21/0.74	0.19/1.25/0.92/0.75	0.16/1.01/0.98/0.77	0.39/1.63/1.03/0.83	-1.23/0.64/0.61/0.39	0.28/1.39/2.03/0.74	-0.92/1.62/0.76/-0.03	-0.29/0.97/2.55/0.10	0.02/1.30/1.44/0.39
v2_p2xap	paper_v2/v260929/sp_v2_c70	v2_p2xap	all	09-29 16:22	0.19/1.04/1.13/0.71	0.24/1.11/1.08/0.73	0.19/1.09/0.89/0.74	0.27/0.88/0.86/0.78	0.44/1.36/0.98/0.80	-2.59/0.22/0.20/0.59	0.33/1.17/1.90/0.73	-0.67/0.77/0.27/-0.13	-0.27/0.41/1.53/0.22	0.11/1.00/1.20/0.40
v2_p2xbf20	paper_v2/v260929/sp_v2_c72	v2_p2xbf20	peat	09-29 16:25	0.18/0.88/0.79/0.69	0.18/0.88/0.79/0.69	0.26/0.87/0.67/0.55	0.20/0.92/0.87/0.78					-0.24/0.61/1.71/-0.00	
v2_p2xrx40r65	paper_v2/v260929/sp_v2_c70	v2_p2xrx40r65	rice	09-29 16:34	0.22/0.94/0.96/0.28									0.22/0.94/0.96/0.28
v2_p2xap6	paper_v2/v260929/sp_v2_c70	v2_p2xap6	all	09-29 16:38	0.12/1.23/1.22/0.73	0.16/1.28/1.20/0.74	0.18/1.19/0.90/0.74	0.20/0.95/0.90/0.78	0.47/1.53/1.03/0.82	-1.60/0.52/0.54/0.55	0.29/1.26/2.00/0.75	-0.66/1.10/0.39/-0.13	-0.26/0.42/1.57/0.21	0.06/1.21/1.39/0.40
v2_p7mm	paper_v2/v260929/sp_v2_c79	v2_p7mm	marsh	09-29 18:02	0.42/1.40/1.11/0.83	0.42/1.40/1.11/0.83			0.42/1.40/1.11/0.83					
v2_p7gh	paper_v2/v260929/sp_v2_c74	v2_p7gh	wet	09-29 18:07	0.38/1.20/1.12/0.76	0.38/1.20/1.12/0.76	0.45/1.16/1.27/0.77	0.22/0.97/1.16/0.84	0.43/1.37/0.83/0.83	-0.93/0.80/0.85/0.43	0.29/0.99/1.96/0.75		-0.59/0.40/2.10/-0.06	
v2_p7hs	paper_v2/v260929/sp_v2_c79	v2_p7hs	tundra	09-29 18:21	0.25/0.62/0.85/0.73	0.25/0.62/0.85/0.73					0.25/0.62/0.85/0.73			
v2_p7mp	paper_v2/v260929/sp_v2_c80	v2_p7mp	marsh	09-29 18:30	0.41/1.40/1.11/0.83	0.41/1.40/1.11/0.83			0.41/1.40/1.11/0.83					
v2_p7	paper_v2/v260929/sp_v2_c74	v2_p7	all	09-29 18:45	0.30/1.01/0.98/0.74	0.31/1.01/0.95/0.74	0.27/0.95/0.78/0.73	0.31/0.72/0.76/0.79	0.50/1.26/0.82/0.83	-0.88/0.82/0.82/0.44	0.35/0.95/1.80/0.73	-1.31/1.32/1.43/-0.04	-0.29/0.51/1.46/-0.04	0.22/1.14/1.21/0.77
v2_p7rr	paper_v2/v260929/sp_v2_c79	v2_p7rr	all	09-29 19:08	0.31/1.04/1.06/0.73	0.31/0.98/1.03/0.73	0.34/0.93/0.83/0.68	0.39/0.78/0.73/0.81	0.43/1.52/0.98/0.81	-0.68/0.96/0.96/0.44	0.43/0.98/1.31/0.75	-1.50/1.30/2.10/-0.04	-0.23/0.56/1.55/0.00	-0.18/1.85/2.00/0.85
v2_p7ph	paper_v2/v260929/sp_v2_c81	v2_p7ph	all	09-29 19:45	0.22/1.13/1.06/0.73	0.22/1.13/1.06/0.73	0.11/1.15/0.98/0.76	0.31/0.72/0.75/0.79	0.42/1.40/1.12/0.83	-0.88/0.82/0.82/0.44	0.35/0.94/1.79/0.75	-1.31/1.32/1.42/-0.04	-0.29/0.51/1.45/-0.04	0.22/1.14/1.21/0.77
v2_p7fh	paper_v2/v260929/sp_v2_c80	v2_p7fh	wet	09-29 19:48	0.34/0.99/0.89/0.76	0.34/0.99/0.89/0.76	0.27/0.95/0.78/0.73	0.31/0.72/0.76/0.79	0.50/1.26/0.82/0.83	-0.88/0.82/0.53/0.44	0.35/0.95/1.80/0.73		-1.77/0.09/0.33/0.07	
v2_p7gh55	paper_v2/v260929/sp_v2_c74	v2_p7gh55	wet	09-29 20:17	0.27/1.00/0.99/0.74	0.27/1.00/0.99/0.74	0.41/1.05/1.22/0.74	0.11/0.86/1.10/0.82	0.51/1.13/0.70/0.79	-1.25/0.63/0.65/0.42	0.29/0.90/1.95/0.73		-0.63/0.36/2.02/-0.07	
v2_p7gh25	paper_v2/v260929/sp_v2_c74	v2_p7gh25	wet	09-29 20:18	0.29/1.29/1.22/0.77	0.29/1.29/1.22/0.77	0.43/1.28/1.33/0.79	0.33/1.08/1.22/0.85	0.44/1.62/0.99/0.82	-0.68/0.97/1.06/0.43	0.29/1.15/1.98/0.75		-0.56/0.43/2.19/-0.05	
v2_p7lr80	paper_v2/v260929/sp_v2_c82	v2_p7lr80	wet	09-29 20:54	0.32/1.23/1.14/0.76	0.32/1.23/1.14/0.76	0.19/1.12/0.82/0.71	0.31/0.73/0.73/0.79	0.41/1.41/1.11/0.83	-0.88/0.82/0.82/0.44	0.33/1.08/1.83/0.81		-0.43/0.38/1.16/-0.04	
v2_p7lr160	paper_v2/v260929/sp_v2_c82	v2_p7lr160	wet	09-29 20:59	0.14/1.28/1.22/0.73	0.14/1.28/1.22/0.73	-0.03/1.19/0.89/0.62	0.31/0.81/0.95/0.79	0.46/1.40/1.11/0.83	-0.88/0.82/0.82/0.44	0.14/1.28/2.32/0.77		-0.55/0.32/0.93/-0.05	
v2_p8b	paper_v2/v260929/sp_v2_c83	v2_p8b	marsh	09-29 21:46	0.33/1.81/1.18/0.83	0.33/1.81/1.18/0.83			0.33/1.81/1.18/0.83					
v2_p8a	paper_v2/v260929/sp_v2_c82	v2_p8a	all	09-29 22:49	0.22/1.23/1.24/0.76	0.22/1.24/1.26/0.76	0.32/1.32/1.29/0.75	0.24/0.99/1.13/0.84	0.41/1.43/1.12/0.83	-0.93/0.80/0.85/0.43	0.22/1.16/2.07/0.84	-1.28/1.88/1.41/-0.08	-0.73/0.29/1.76/-0.08	0.23/1.13/1.20/0.78
v2_p8vm	paper_v2/v260929/sp_v2_c82	v2_p8vm	all	09-29 22:56	0.18/1.27/1.30/0.77	0.18/1.31/1.31/0.77	0.32/1.37/1.32/0.75	0.29/1.03/1.16/0.84	0.38/1.72/1.24/0.82	-0.93/0.80/0.86/0.42	0.18/1.24/2.15/0.84	-1.29/1.95/1.40/-0.08	-0.53/0.45/2.08/-0.08	0.23/1.13/1.20/0.78
v2_p8bu	paper_v2/v260930/sp_v2_c85	v2_p8bu	marsh	09-30 01:05	0.51/1.25/0.88/0.83	0.51/1.25/0.88/0.83			0.51/1.25/0.88/0.83					
v2_p8nl	paper_v2/v260929/sp_v2_c82	v2_p8nl	wet	09-30 01:12	0.29/1.20/1.18/0.75	0.29/1.20/1.18/0.75	0.45/1.16/1.27/0.77	0.22/0.97/1.16/0.84	0.41/1.42/1.12/0.83	-0.93/0.80/0.85/0.43	0.29/0.99/1.96/0.75		-0.59/0.40/2.10/-0.06	
v2_p8s55	paper_v2/v260929/sp_v2_c82	v2_p8s55	wet	09-30 01:25	0.27/1.04/1.20/0.78	0.27/1.04/1.20/0.78	0.33/1.16/1.24/0.72	0.13/0.88/1.08/0.82	0.37/1.28/0.94/0.79	-1.25/0.63/0.65/0.42	0.27/1.04/1.96/0.82		-0.79/0.27/1.69/-0.09	
v2_p8fh	paper_v2/v260929/sp_v2_c82	v2_p8fh	wet	09-30 01:26	0.30/1.24/1.23/0.77	0.30/1.24/1.23/0.77	0.32/1.32/1.29/0.75	0.24/0.99/1.13/0.84	0.41/1.43/1.12/0.83	-0.93/0.80/0.67/0.43	0.22/1.16/2.07/0.84		nan/-0.00/0.47/-0.03	
v2_p8m	paper_v2/v260930/sp_v2_c84	v2_p8a	wet	09-30 01:37	0.32/1.24/1.20/0.75	0.32/1.24/1.20/0.75	0.45/1.16/1.28/0.78	0.22/0.97/1.16/0.84	0.41/1.43/1.12/0.83	-0.93/0.80/0.85/0.43	0.29/0.99/1.96/0.75		-0.59/0.40/2.10/-0.06	
v2_p8L	paper_v2/v260930/sp_v2_c87	v2_p8L	marsh	09-30 01:48	0.58/1.24/0.88/0.83	0.58/1.24/0.88/0.83			0.58/1.24/0.88/0.83					
v2_p8Lb	paper_v2/v260930/sp_v2_c87	v2_p8Lb	marsh	09-30 01:51	0.53/0.89/0.84/0.83	0.53/0.89/0.84/0.83			0.53/0.89/0.84/0.83					
v2_p8w5	paper_v2/v260930/sp_v2_c87	v2_p8w5	all	09-30 02:32	0.23/1.24/1.24/0.74	0.23/1.24/1.25/0.74	0.45/1.16/1.28/0.78	0.22/0.97/1.16/0.84	0.41/1.43/1.12/0.83	-0.93/1.24/1.25/0.43	0.29/0.99/1.96/0.75	-1.28/1.74/1.41/-0.08	-0.62/0.43/2.42/-0.07	0.23/1.13/1.20/0.78
v2_p8w6	paper_v2/v260930/sp_v2_c87	v2_p8w6	all	09-30 02:33	0.23/1.24/1.24/0.74	0.23/1.24/1.25/0.74	0.45/1.16/1.28/0.78	0.22/0.97/1.16/0.84	0.41/1.43/1.12/0.83	-0.93/1.24/1.25/0.43	0.29/0.99/1.96/0.75	-1.28/1.74/1.41/-0.08	-0.63/0.44/2.47/-0.07	0.23/1.13/1.20/0.78
v2_p8w4	paper_v2/v260930/sp_v2_c87	v2_p8w4	all	09-30 02:36	0.23/1.22/1.24/0.74	0.23/1.24/1.25/0.74	0.45/1.16/1.28/0.78	0.22/0.97/1.16/0.84	0.41/1.43/1.12/0.83	-0.93/1.19/1.25/0.43	0.29/0.99/1.96/0.75	-1.28/1.74/1.41/-0.08	-0.58/0.40/2.08/-0.04	0.23/1.13/1.20/0.78
v2_p9Lb	paper_v2/v260930/sp_v2_c90	v2_p8Lb	marsh	09-30 02:43	0.48/0.90/0.69/0.83	0.48/0.90/0.69/0.83			0.48/0.90/0.69/0.83					
v2_p9d	paper_v2/v260930/sp_v2_c90	v2_p8d	wet	09-30 02:51	0.44/1.14/1.03/0.78	0.44/1.14/1.03/0.78	0.50/1.07/1.20/0.78	0.11/0.93/1.03/0.86	0.48/1.43/0.94/0.83	-0.93/0.80/0.85/0.43	0.53/0.96/1.46/0.76		-0.59/0.40/2.10/-0.06	
v2_p8d	paper_v2/v260930/sp_v2_c88	v2_p8d	wet	09-30 02:56	0.32/1.24/1.20/0.75	0.32/1.24/1.20/0.75	0.45/1.16/1.24/0.78	0.22/0.97/1.16/0.85	0.41/1.43/1.12/0.83	-0.93/0.80/0.85/0.43	0.29/0.99/1.96/0.75		-0.59/0.40/2.10/-0.06	
v2_p9dl	paper_v2/v260930/sp_v2_c91	v2_p8d	wet	09-30 02:59	0.43/1.16/1.04/0.79	0.43/1.16/1.04/0.79	0.48/1.08/1.21/0.78	0.12/0.94/1.04/0.86	0.47/1.43/0.93/0.84	-0.93/0.80/0.85/0.43	0.54/0.97/1.45/0.76		-0.48/0.52/2.35/-0.02	
v2_p9Lc	paper_v2/v260930/sp_v2_c90	v2_p8Lc	marsh	09-30 03:24	0.48/0.90/0.69/0.83	0.48/0.90/0.69/0.83			0.48/0.90/0.69/0.83					
v2_p9a	paper_v2/v260930/sp_v2_c90	v2_p8a	all	09-30 03:29	0.25/1.14/1.07/0.77	0.38/1.15/1.07/0.77	0.50/1.07/1.24/0.77	0.11/0.93/1.03/0.86	0.48/1.43/0.94/0.83	-0.93/0.80/0.85/0.43	0.53/0.96/1.46/0.76	-1.29/1.62/1.41/-0.09	-0.59/0.40/2.10/-0.06	0.22/1.13/1.21/0.78
v2_p9e	paper_v2/v260930/sp_v2_c91	v2_p8e	wet	09-30 03:44	0.43/1.16/1.04/0.79	0.43/1.16/1.04/0.79	0.48/1.08/1.21/0.78	0.12/0.94/1.04/0.86	0.47/1.43/0.93/0.84	-0.93/0.80/0.65/0.43	0.54/0.97/1.45/0.76		-0.88/0.21/1.29/-0.04	
v2_p9h	paper_v2/v260930/sp_v2_c92	v2_p8h	peat	09-30 03:49	0.41/0.94/0.99/0.79	0.41/0.94/0.99/0.79	0.51/0.96/0.93/0.75	0.11/0.95/1.04/0.86					-0.09/0.70/2.19/0.33	
v2_p9s55	paper_v2/v260930/sp_v2_c90	v2_p8s55	wet	09-30 04:28	0.33/0.94/0.86/0.79	0.33/0.94/0.86/0.79	0.48/0.93/1.15/0.77	0.05/0.81/0.94/0.85	0.48/1.08/0.71/0.84	-1.25/0.63/0.65/0.42	0.49/0.77/1.28/0.76		-0.63/0.36/2.02/-0.07	
v2_p9s25	paper_v2/v260930/sp_v2_c90	v2_p8s25	wet	09-30 04:29	0.33/1.31/1.20/0.78	0.33/1.31/1.20/0.78	0.46/1.23/1.33/0.78	0.26/1.06/1.13/0.87	0.39/1.79/1.18/0.83	-0.68/0.97/1.06/0.43	0.43/1.15/1.73/0.77		-0.56/0.43/2.19/-0.05	
v2_p9f	paper_v2/v260930/sp_v2_c91	v2_p8f	all	09-30 04:40	0.18/0.98/0.97/0.78	0.18/0.98/0.96/0.78	0.48/1.08/1.21/0.78	0.12/0.94/1.04/0.86	0.47/0.90/0.67/0.84	-0.93/0.80/0.65/0.43	0.54/0.97/1.45/0.76	-1.29/1.63/1.41/-0.09	-0.88/0.21/1.29/-0.04	0.22/1.13/1.21/0.78
v2_p9gm	paper_v2/v260930/sp_v2_c91	v2_p8gum	swamp	09-30 05:01	0.20/1.27/0.85/0.64	0.20/1.27/0.85/0.64				0.20/1.27/0.85/0.64				
v2_p9nc	paper_v2/v260930/sp_v2_c90	v2_p8nc	wet	09-30 05:22	0.33/0.98/0.96/0.77	0.33/0.98/0.96/0.77	0.24/0.90/0.80/0.72	0.27/0.71/0.69/0.81	0.49/1.43/0.94/0.83	-0.88/0.82/0.82/0.44	0.52/0.95/1.40/0.76		-0.29/0.51/1.46/-0.04	
v2_p9w	paper_v2/v260930/sp_v2_c91	v2_p8w	peat	09-30 05:22	0.25/1.03/1.09/0.67	0.25/1.03/1.09/0.67	0.38/1.05/1.31/0.68	0.18/0.89/0.73/0.68					-2.38/11.09/9.83/0.35	
v2_p9tp	paper_v2/v260930/sp_v2_c94	v2_p8tp	wet	09-30 05:41	0.43/0.97/0.94/0.78	0.43/0.97/0.94/0.78	0.48/1.08/1.21/0.78	0.12/0.94/1.04/0.86	0.47/0.90/0.67/0.84	-0.93/0.80/0.65/0.43	0.54/0.97/1.45/0.76		-0.88/0.21/1.29/-0.04	
v2_p9sa	paper_v2/v260930/sp_v2_c96	v2_p8salt	salt	09-30 05:44										
v2_p9al	paper_v2/v260930/sp_v2_c94	v2_p8al	all	09-30 06:07	0.16/0.94/0.88/0.74	0.20/0.94/0.93/0.76	0.34/1.09/1.14/0.79	0.08/0.93/0.99/0.85	0.22/0.78/0.48/0.86	-1.11/0.84/0.64/0.35	0.52/0.94/1.46/0.74	-1.22/1.72/1.31/-0.28	nan/-0.04/0.44/-0.12	-0.14/0.99/0.84/0.69
v2_p9j	paper_v2/v260930/sp_v2_c96	v2_p8j	warm	09-30 06:31	0.40/1.13/0.80/0.78	0.43/1.14/0.66/0.79			0.53/1.01/0.67/0.84	-0.17/1.27/0.65/0.64				0.22/1.13/1.21/0.78
v2_p9lg	paper_v2/v260930/sp_v2_c91	v2_p8lg	all	09-30 06:43	0.13/1.12/1.07/0.78	0.13/1.13/1.07/0.78	0.23/1.66/1.28/0.79	0.10/1.00/0.81/0.86	0.47/0.90/0.67/0.84	-0.93/0.80/0.65/0.43	0.44/1.15/1.45/0.77	-1.29/1.63/1.41/-0.09	-0.88/0.21/1.29/-0.04	0.22/1.13/1.21/0.78
v2_p9ph	paper_v2/v260930/sp_v2_c91	v2_p8ph4	all	09-30 06:46	0.18/0.98/0.97/0.78	0.18/0.98/0.96/0.78	0.48/1.08/1.21/0.78	0.12/0.94/1.04/0.86	0.47/0.90/0.67/0.84	-0.93/0.80/0.65/0.43	0.54/0.97/1.45/0.76	-1.29/1.63/1.41/-0.09	-0.88/0.21/1.29/-0.04	0.22/1.13/1.21/0.78
v2_p9kn	paper_v2/v260930/sp_v2_c96	v2_p8kn	swamp	09-30 07:10	0.20/1.27/0.85/0.64	0.20/1.27/0.85/0.64				0.20/1.27/0.85/0.64				
v2_p9i	paper_v2/v260930/sp_v2_c96	v2_p8i	all	09-30 07:17	0.24/1.00/0.97/0.78	0.30/1.00/0.96/0.78	0.51/0.96/0.93/0.75	0.11/0.95/1.04/0.86	0.47/0.95/0.67/0.84	-0.17/1.27/0.65/0.64	0.60/1.04/1.45/0.80	-1.12/1.63/1.33/-0.13	-0.09/0.70/2.19/0.33	0.22/1.13/1.21/0.78
v2_p9ex	paper_v2/v260930/sp_v2_c96	v2_p8ex	wet	09-30 07:28	0.47/1.02/1.11/0.80	0.47/1.02/1.11/0.80	0.61/1.01/1.26/0.76	0.28/1.02/1.27/0.88	0.52/1.07/0.74/0.83	-0.12/1.27/0.74/0.58	0.49/1.02/1.62/0.81		-0.14/0.86/2.58/0.38	
v2_p9lm	paper_v2/v260930/sp_v2_c96	v2_p8lm	peat	09-30 07:54	0.41/0.94/0.99/0.79	0.41/0.94/0.99/0.79	0.51/0.96/0.93/0.75	0.12/0.95/1.04/0.86					-0.09/0.70/2.19/0.33	
v2_p9k	paper_v2/v260930/sp_v2_c96	v2_p8k	all	09-30 08:37	0.34/1.01/0.97/0.78	0.39/1.01/0.96/0.78	0.51/0.96/0.93/0.75	0.11/0.95/1.04/0.86	0.53/1.01/0.67/0.84	-0.17/1.27/0.65/0.64	0.60/1.04/1.45/0.80	-1.12/1.63/1.33/-0.13	-0.09/0.70/2.19/0.33	0.22/1.13/1.21/0.78
v2_p9ex25	paper_v2/v260930/sp_v2_c96	v2_p8ex25	wet	09-30 08:46	0.46/1.02/1.04/0.80	0.46/1.02/1.04/0.80	0.60/1.00/1.15/0.76	0.23/1.00/1.19/0.87	0.47/1.02/0.68/0.83	-0.14/1.27/0.71/0.60	0.53/1.02/1.56/0.81		-0.10/0.78/2.39/0.38	
v2_p9q27	paper_v2/v260930/sp_v2_c96	v2_p8q27	wet	09-30 09:11	0.37/1.02/1.40/0.79	0.37/1.02/1.40/0.79	0.29/1.10/1.75/0.77	0.26/1.01/1.40/0.85	0.51/1.10/1.23/0.85	0.06/1.32/1.48/0.64	0.46/0.85/1.53/0.80		-0.17/0.35/1.28/0.53	
v2_p9kna	paper_v2/v260930/sp_v2_c96	v2_p8kn	all	09-30 09:18	0.39/1.01/0.97/0.78	0.40/1.01/0.96/0.78	0.51/0.96/0.93/0.75	0.11/0.95/1.04/0.86	0.53/1.01/0.67/0.84	0.20/1.27/0.85/0.64	0.60/1.04/1.45/0.80	-1.29/1.63/1.41/-0.09	-0.09/0.70/2.19/0.33	0.22/1.13/1.21/0.78
v2_p9ks10	paper_v2/v260930/sp_v2_c96	v2_p8k	wet	09-30 09:19	0.45/0.99/0.93/0.79	0.45/0.99/0.93/0.79	0.51/0.97/0.94/0.75	0.11/0.96/1.03/0.86	0.52/1.00/0.66/0.84	-0.23/1.25/0.64/0.64	0.62/1.03/1.40/0.82		nan/-0.04/0.46/-0.14	
v2_p9q20	paper_v2/v260930/sp_v2_c96	v2_p8q20	wet	09-30 09:24	0.44/1.08/1.33/0.80	0.44/1.08/1.33/0.80	0.40/1.14/1.47/0.78	0.37/1.10/1.39/0.86	0.58/1.06/0.97/0.85	0.09/1.29/1.14/0.64	0.45/1.04/1.67/0.81		0.04/0.57/1.85/0.52	
v2_p9m	paper_v2/v260930/sp_v2_c96	v2_p8m	all	09-30 10:50	0.40/1.02/1.02/0.79	0.44/1.02/1.02/0.79	0.60/1.00/1.15/0.76	0.23/1.00/1.19/0.87	0.51/1.07/0.76/0.83	-0.14/1.27/0.71/0.60	0.53/1.02/1.56/0.81	-4.00/0.00/0.01/-0.04	-0.10/0.78/2.39/0.38	0.22/1.13/1.21/0.78
v2_p9n	paper_v2/v260930/sp_v2_c104	v2_p8n	all	09-30 13:07	0.44/1.02/1.02/0.79	0.46/1.02/1.02/0.79	0.60/0.99/1.15/0.76	0.23/1.00/1.19/0.88	0.51/1.07/0.76/0.83	-0.17/1.27/0.71/0.60	0.53/1.02/1.55/0.81	-0.16/-0.02/0.01/0.56	-0.10/0.77/2.39/0.37	0.26/1.03/1.17/0.83
v2_p9o	paper_v2/v260930/sp_v2_c104	v2_p8o	peat	09-30 16:32	0.47/0.97/1.18/0.78	0.47/0.97/1.18/0.78	0.60/0.99/1.15/0.76	0.23/1.00/1.19/0.88					-0.10/0.77/2.39/0.37	
v2_p9pz	paper_v2/v260930/sp_v2_c105	v2_p8pz	peat	09-30 18:51	0.49/0.97/1.18/0.78	0.49/0.97/1.18/0.78	0.60/0.99/1.15/0.76	0.41/1.00/1.19/0.88					-0.10/0.77/2.39/0.37	
v2_p9pc	paper_v2/v260930/sp_v2_c105	v2_p8pc	boreal	09-30 18:58	0.37/1.01/1.17/0.83	0.37/1.01/1.17/0.83	0.60/0.98/1.10/0.77	0.24/1.01/1.17/0.87			0.29/0.99/1.47/0.83		-0.58/1.36/3.86/0.24	
v2_p9pu	paper_v2/v260930/sp_v2_c105	v2_p8pu	peat	09-30 19:39	0.47/1.02/1.18/0.78	0.47/1.02/1.18/0.78	0.60/0.99/1.15/0.76	0.23/1.00/1.19/0.88					-3.00/19.56/13.59/0.39	
v2_p9p	paper_v2/v260930/sp_v2_c105	v2_p8p	all	09-30 19:44	0.43/1.02/1.02/0.80	0.46/1.02/1.02/0.80	0.60/0.99/1.15/0.76	0.23/1.00/1.19/0.88	0.51/1.07/0.76/0.83	-0.09/1.27/0.71/0.60	0.53/1.02/1.55/0.81	-3.48/-0.02/0.01/0.52	-0.10/0.77/2.39/0.37	0.26/1.03/1.17/0.83
v2_p9q	paper_v2/v260930/sp_v2_c105	v2_p8q	all	09-30 21:25	0.44/1.02/1.02/0.80	0.46/1.02/1.02/0.80	0.60/0.99/1.15/0.76	0.41/1.00/1.19/0.88	0.51/1.07/0.76/0.83	-0.09/1.27/0.71/0.60	0.53/1.02/1.55/0.81	-0.16/-0.04/0.03/0.52	-0.10/0.77/2.39/0.37	0.26/1.03/1.17/0.83
