site,cls,n,kln,beta,alpha,r,obs,mod
AT-Neu,upland,23,-0.4024989126965459,1.978039309310012,2.5676763838516226,0.21738713492708714,1.1889103991453052,2.35171150475687
BR-Npw,swamp,29,-0.31736244086333665,0.41904306366742494,0.4073765354777526,0.5846825433422037,90.58459848573972,37.958847670547954
BW-Gum,swamp,10,-2.511777037602693,0.07398603644793822,0.17768214186555464,-0.6022613138038067,355.5613375411911,26.30657407880023
BW-Nxr,swamp,12,-1.7538071798520791,0.12076078678465893,0.18624740544271845,0.46147135126944827,178.11485350714642,21.50928984755727
CA-SCB,bog,21,0.5844396274754546,0.7674083121076659,0.7574165223624304,0.8405980489671571,67.48528379670843,51.78876773053883
CA-SCC,upland,18,nan,-0.0018178385740176034,0.0003779170085376937,-0.6070331480910015,40.57797161129235,-0.07376420205039848
CH-Cha,upland,48,-0.8184731463681494,0.38777338857874105,0.2925224888582868,0.05214126654903871,11.31833404018906,4.388948743830224
CH-Dav,upland,19,-0.43563445694165703,0.3402534666317816,0.6667591966892552,0.1429504624332266,4.259756932646243,1.4493970633416486
CN-Hgu,upland,23,-0.027505102903891077,0.5302127802215328,1.0698389583438808,0.19461284069662754,4.265873526201079,2.261820662400508
DE-Dgw,lake,33,-3.4817717614751125,0.03193714646590221,0.06298370517984966,0.237973128705297,31.716587862480488,1.0129373119626957
DE-Hte,salt marsh,84,-2.2344040556040903,0.11888962985072021,0.08795202411385894,0.8705390880020193,203.19598087655828,24.157894953568036
DE-SfN,bog,28,-0.6555490422453043,4.38553409075083,1.7669383620856873,0.5189653394505468,12.676917839263371,55.59505534973686
DE-Zrk,fen,63,-1.1202818322719752,0.4195112388477543,0.14544841914157092,0.8447980750914648,114.56409273356601,48.06092447012729
FI-Lom,fen,60,-0.25190581331621664,0.43189585905681843,0.4010028779724925,0.8345219878986863,56.5679980573351,24.43148411609718
FI-Si2,bog,28,0.29848135854552826,0.8216397731285265,0.5240686060536484,0.8101392478905273,68.45026324534813,56.24145876349575
FI-Sii,fen,61,0.11391367463273927,0.6991295673939152,0.4604617463443441,0.7641970492715003,49.762974834323266,34.790767068154715
FR-LGt,fen,20,-1.2963694279941307,8.130679150704834,2.2496727303885606,0.5264865924195236,5.095861802904478,41.432817315748586
IT-Cas,rice,21,0.43206432837163233,0.7489977600734,0.695552097202515,0.6725646041009171,90.65035500948619,67.89691285196368
JP-BBY,bog,39,-0.176749557455109,0.5300343615294456,0.3938526101431652,0.6630427404938091,66.91765663147463,35.468657407710324
JP-Mse,rice,10,-0.08040086771774502,0.7819165631804647,1.1235398182698206,-0.045551477049639306,45.014196148509406,35.19734554677378
KR-CRK,rice,43,0.465411599785156,1.2127988537447223,1.5754180430713856,0.795125804139425,108.76749379656677,131.91309180116238
MY-MLM,swamp,19,-2.7173007646601444,11.746593258299999,14.205814751498576,0.15897953149186556,40.1671221950216,471.82684678135297
NZ-Kop,bog,48,-0.1319206804679227,1.1151475161221873,0.4724920583071498,0.15900966353305132,61.372486313168984,68.43937567037334
PH-RiF,rice,23,-0.062115511438985305,1.8865482634277202,1.6449323842435233,0.3090016698962775,55.32212830230757,104.36786507784387
RU-Ch2,wet tundra,26,0.8322388118152793,0.9403028811597508,1.1427663700308883,0.9190951904214715,34.237033105655755,32.193180871609876
RU-Che,drained,33,-0.2390109115824648,1.7873327375746422,2.939177623641296,0.811470756440368,15.384751777357113,27.497670511130032
RU-Fy2,upland,44,-5.128529472265036,0.027053724812096294,0.008347708518940572,-0.2742438371663697,10.029994370424557,0.271348707564341
SE-Deg,fen,50,0.4268273066481201,0.6619842324945978,0.6883232277145408,0.8626693875305368,39.24293620535797,25.97820500473836
US-A03,wet tundra,25,0.5528210262210393,0.7470195162925539,0.9556922839931693,0.6640724397208116,37.65257008321797,28.127204690736974
US-A10,wet tundra,17,-0.6972075528557873,3.01681054700719,3.172205550065272,0.42680409887149867,11.360112350267162,34.271306753472615
US-Atq,wet tundra,26,-0.8385531795931862,2.621633234481359,4.672653329333174,0.7271450791272415,9.20747753941726,24.138629123076935
US-BZB,bog,20,0.3417150152615993,1.1881608996944233,1.8063649666650161,0.7677074229483082,59.79234879700199,71.04293094148865
US-BZF,fen,19,0.5057325426996441,1.012892186459288,1.1504997448560332,0.5262055344183889,66.71606534935026,67.57618130366411
US-BZS,upland,13,nan,-0.007193227699630113,0.006487007794805362,0.4118830718113984,7.293037885762828,-0.052460482134321015
US-Beo,wet tundra,16,0.07779083719515945,1.178181413591903,2.4323628133284974,0.8169556775708934,11.199666896192682,13.195239375514735
US-Bes,wet tundra,27,0.5133688459064782,1.2716690436670541,1.5219230365535712,0.9483036520717941,15.323294998475799,19.486159896539874
US-Bi1,drained,26,-1.0656066970239952,4.176545350101394,0.6319814419669479,-0.41870378558787297,0.6603516017880325,2.757988411879815
US-Bi2,drained,20,-0.6108957268743458,1.2844501704415618,1.9510030499526734,-0.444173244654888,5.342424170747449,6.8620776366876814
US-CRT,upland,13,-1.405748076640854,0.17407175197958338,0.3692597767725028,-0.3185560850929887,9.41364449304298,1.6386495894169486
US-DPW,marsh,40,0.5214942040413811,1.205921478564146,0.6891607053390291,0.7648096541238284,205.27929267685354,247.55070814347332
US-EML,upland,24,-5.151297506135951,0.030166105370331295,0.006993320471946334,0.024385436104588407,3.1823791400375914,0.09599998446671827
US-Ho1,upland,67,nan,-2.570778739938158,4.013580763450859,-0.27348164022795923,-0.4829571752312509,1.2415760383850876
US-ICs,wet tundra,16,-0.3702437694792817,2.1750518948324786,3.0720297231657843,0.8811990109219736,13.759261010244405,29.927106731826736
US-Ivo,wet tundra,41,0.4463515847928279,0.7692423761975167,1.3661294142812275,0.6253441262180146,20.78962300549074,15.992259000994254
US-LA1,salt marsh,14,0.3560149712316456,1.0136635771522127,0.5753831494120886,0.6697968427160581,42.61685182334685,43.199150466219564
US-LA2,marsh,12,0.8260884326809725,1.0812681285134762,1.0597084461873922,0.8558579070401157,171.87345371242148,185.84128763677754
US-Los,fen,59,0.20935893666175132,2.1091159459577815,1.2024530053459759,0.8150510817199395,23.868165935361898,50.3407293750381
US-MAC,drained,12,-1.7868007470128502,0.1209191362626701,0.23931022040207248,-0.12167493500050669,91.99596946134453,11.124073166912757
US-MRM,salt marsh,20,-4.814123240561113,80.9899843531114,39.93140028838141,0.05196963417436404,1.1442875266257784,92.67582887688233
US-Myb,marsh,99,0.38231719235787687,1.7790771323202332,1.0687146174791893,0.7873256279839195,174.64681900621196,310.71016192642236
US-NC4,swamp,60,0.1459361935038932,2.1294908003645223,0.939350068122092,0.6073788024278242,110.75378259356742,235.8491611385742
US-NGB,wet tundra,33,0.592284419397435,1.2653334092260498,1.2217627368214223,0.7340466848712185,18.699248649708473,23.66078404390123
US-ORv,marsh,50,-1.5008978318962982,5.681789143923758,5.906408156078272,0.7134941128839729,29.947855818403887,170.15740207280115
US-Pfa,upland,92,-0.0883846805760733,0.5496510336343448,0.8955716365721591,0.09764292357238978,4.056863676600787,2.2298593131572506
US-Snd,drained,41,nan,-0.003054297987738019,0.00014203513445206454,0.4391860453606948,27.569413928871192,-0.0842052054860678
US-Sne,marsh,24,0.5052136771691422,1.5172258645495005,0.7907355726472258,0.8739267559910048,157.10708298684304,238.36692981156304
US-Srr,salt marsh,34,-3.0509807576700885,19.00726157926327,15.24417547034902,0.4367755017947695,3.9284385991619435,74.66886005234564
US-StJ,salt marsh,9,0.7642030671441583,1.156672431653878,1.1010863395049224,0.8414345083583328,46.91299642947452,54.26296965624998
US-Tw1,marsh,91,0.5714760895577531,1.2628521276847076,0.9693417753392697,0.6419492743295738,171.51589804243514,216.5992167746426
US-Tw4,marsh,61,0.45377007524799895,1.5198874158230047,1.3561915343279334,0.8259866508922128,118.09011864728446,179.4836852650532
US-Tw5,marsh,9,0.6323113247209458,0.8808984000498461,0.7281595480785455,0.8640760377427055,316.4642778630631,278.7728760425022
US-Twt,rice,91,0.06399473208787887,1.2392020686446845,1.4267084477049694,0.16105921861557884,46.41799345469007,57.521273511387356
US-Uaf,permafrost,46,-0.48957749766047054,1.6362503066982457,3.4885932895006593,0.3556945374328658,4.006590729943167,6.555785310683856
US-WPT,marsh,34,0.34898994540418016,0.7593752329287213,0.5580552235191196,0.9116222034167017,194.96682491007564,148.05297807946192
