site,year,month,tower_p,tower_snow_eq,wfde5_snow,wfde5_rain,added,n_hours_eligible,fallback
US-ICs,2014,1,0.0,0.0,0.0,0.0,0.0,0,False
US-ICs,2014,2,0.0,0.0,3.08,0.0,3.08,61,False
US-ICs,2014,3,0.76,0.76,2.95,0.0,2.19,102,False
US-ICs,2014,4,1.02,0.51,2.27,0.14,1.76,26,False
US-ICs,2014,5,23.49,17.46,9.7,0.89,0.0,58,False
US-ICs,2014,6,62.23,9.63,14.11,58.29,0.0,23,False
US-ICs,2014,7,94.74,9.02,9.08,93.76,0.0,21,False
US-ICs,2014,8,56.39,4.18,5.79,33.58,0.0,23,False
US-ICs,2014,9,8.13,6.08,9.11,0.46,0.0,150,False
US-ICs,2014,10,0.25,0.25,0.0,0.0,0.0,0,False
US-ICs,2014,11,8.68,1.32,6.47,0.0,5.16,59,False
US-ICs,2014,12,0.08,0.08,0.0,0.0,0.0,0,False
US-ICs,2015,1,0.14,0.14,1.0,0.0,0.86,15,False
US-ICs,2015,2,0.06,0.06,4.01,0.0,3.95,54,False
US-ICs,2015,3,0.0,0.0,9.44,0.0,9.44,127,False
US-ICs,2015,4,0.25,0.0,1.69,0.0,1.69,44,False
US-ICs,2015,5,63.9,1.97,1.39,3.82,0.0,25,False
US-ICs,2015,6,23.37,11.17,13.88,12.88,0.0,73,False
US-ICs,2015,7,26.42,0.02,0.0,45.03,0.0,0,False
US-ICs,2015,8,71.15,24.12,29.39,37.84,0.0,82,False
US-ICs,2015,9,17.22,16.79,14.36,0.37,0.0,137,False
US-ICs,2015,10,1.52,0.33,0.0,0.0,0.0,0,False
US-ICs,2015,11,0.0,0.0,13.56,0.0,13.56,116,False
US-ICs,2015,12,0.0,0.0,0.0,0.0,0.0,0,False
US-ICs,2016,1,0.0,0.0,1.0,0.0,1.0,14,False
US-ICs,2016,2,0.65,0.65,2.47,0.0,1.81,7,False
US-ICs,2016,3,2.03,2.03,5.75,0.0,3.72,132,False
US-ICs,2016,4,7.37,5.66,2.21,0.09,0.0,4,False
US-ICs,2016,5,6.38,3.3,2.26,3.39,0.0,8,False
US-ICs,2016,6,65.53,23.03,12.86,20.92,0.0,58,False
US-ICs,2016,7,74.93,4.56,0.9,37.37,0.0,6,False
US-ICs,2016,8,56.39,11.33,5.14,29.53,0.0,12,False
US-ICs,2016,9,27.18,15.49,13.11,2.48,0.0,112,False
US-ICs,2016,10,0.0,0.0,0.0,0.0,0.0,0,False
US-ICs,2016,11,0.09,0.09,3.24,0.0,3.14,61,False
US-ICs,2016,12,3.41,3.41,0.0,0.0,0.0,0,False
US-ICs,2017,1,0.0,0.0,0.0,0.0,0.0,0,False
