ID,DEF_WETLAND_PEAT_SHARE_SITE,USE_SITE_LAI,USE_SITE_pctcrop,SITE_landtype,DEF_WETLAND_INFLOW_SITE_RUNOFF,DEF_WETLAND_INFLOW_RATIO_SITE
BR-Npw,0.0,,,2,"1.464, 2.835, 2.837, 2.178, 1.555, 0.913, 0.359, 0.149, 0.209, 0.415, 0.678, 0.923",10.00
CA-SCB,1.0,,,,"0.019, 0.001, 0.057, 2.489, 0.130, 0.000, 0.000, 0.036, 0.000, 0.086, 0.001, 0.001",2.26
DE-Hte,0.0,,,,"1.203, 1.275, 0.688, 0.425, 0.523, 0.590, 0.618, 0.640, 0.605, 0.689, 0.792, 1.191",0.51
DE-SfN,1.0,,,,"1.102, 0.675, 2.170, 1.332, 1.520, 2.027, 2.321, 2.285, 2.067, 1.992, 1.865, 1.808",8.89
DE-Zrk,1.0,,,,"1.079, 1.255, 0.532, 0.373, 0.528, 0.465, 0.656, 0.597, 0.523, 0.611, 0.729, 1.103",10.00
FI-Lom,1.0,,,,"0.324, 0.240, 0.184, 4.487, 1.405, 0.246, 0.354, 0.518, 0.924, 0.961, 0.707, 0.467",3.66
FI-Si2,1.0,,,,"0.892, 0.540, 1.211, 3.277, 0.713, 0.735, 0.775, 0.725, 0.864, 1.088, 1.315, 1.042",6.77
FI-Sii,1.0,,,,"0.892, 0.540, 1.211, 3.277, 0.713, 0.735, 0.775, 0.725, 0.864, 1.088, 1.315, 1.042",6.77
FR-LGt,1.0,,,,"0.984, 0.955, 0.756, 0.711, 0.656, 0.738, 0.578, 0.503, 0.436, 0.418, 0.517, 1.149",10.00
JP-BBY,1.0,,,,"1.512, 1.562, 2.384, 2.946, 2.391, 2.361, 3.208, 3.152, 3.743, 2.876, 3.755, 2.611",1.67
MY-MLM,1.0,,,,"13.491, 11.158, 8.257, 5.823, 5.735, 3.786, 4.093, 5.555, 4.163, 7.620, 9.064, 10.503",0.06
NZ-Kop,1.0,,,,"1.994, 2.051, 1.861, 1.789, 2.242, 3.811, 3.922, 3.934, 3.326, 3.178, 2.086, 2.249",4.62
SE-Deg,1.0,,,,"0.334, 0.245, 0.190, 6.370, 0.599, 0.241, 0.536, 0.652, 0.877, 1.223, 0.942, 0.523",6.33
US-Los,1.0,,,,"0.291, 0.393, 2.356, 1.827, 1.304, 2.074, 2.030, 1.703, 1.629, 1.478, 1.203, 0.818",1.78
US-Myb,0.0,,,,"1.597, 2.280, 3.528, 2.070, 1.860, 1.780, 1.319, 0.795, 0.535, 0.765, 0.671, 1.442",10.00
US-Sne,0.0,,,,"1.597, 2.280, 3.528, 2.070, 1.860, 1.780, 1.319, 0.795, 0.535, 0.765, 0.671, 1.442",10.00
US-Srr,0.0,,,,"2.190, 3.075, 4.019, 2.473, 1.900, 1.612, 0.971, 0.413, 0.299, 0.721, 0.654, 1.847",6.61
US-StJ,0.0,,,,"2.500, 2.079, 2.258, 2.210, 1.931, 1.759, 1.606, 1.878, 1.967, 2.225, 1.859, 2.433",10.00
US-Tw1,0.0,,,,"1.597, 2.280, 3.528, 2.070, 1.860, 1.780, 1.319, 0.795, 0.535, 0.765, 0.671, 1.442",0.04
US-Tw4,0.0,,,,"1.597, 2.280, 3.528, 2.070, 1.860, 1.780, 1.319, 0.795, 0.535, 0.765, 0.671, 1.442",0.04
US-Tw5,0.0,,,,"1.597, 2.280, 3.528, 2.070, 1.860, 1.780, 1.319, 0.795, 0.535, 0.765, 0.671, 1.442",0.04
US-Uaf,1.0,,,,"0.000, 0.000, 0.000, 1.672, 0.000, 0.000, 0.000, 0.000, 0.018, 0.093, 0.000, 0.000",10.00
US-WPT,0.0,.true.,,,"1.310, 2.271, 1.353, 1.453, 1.907, 1.806, 1.387, 1.007, 1.030, 0.915, 1.074, 1.756",3.54
BW-Gum,0.0,,,10,"0.329, 0.248, 0.219, 0.056, 0.005, 0.015, 0.000, 0.000, 0.000, 0.000, 0.081, 0.183",1.45
BW-Nxr,0.0,,,10,"0.329, 0.248, 0.219, 0.056, 0.005, 0.015, 0.000, 0.000, 0.000, 0.000, 0.081, 0.183",10.00
ID-Pag,1.0,,,,"5.105, 5.114, 6.926, 6.854, 5.146, 3.213, 1.830, 2.279, 2.391, 2.346, 4.260, 6.548",0.17
NL-Hor,1.0,,,,"1.954, 1.569, 1.227, 0.955, 0.987, 0.943, 1.117, 1.178, 1.015, 1.372, 1.500, 2.364",0.87
RU-Ch2,1.0,,,,"0.005, 0.005, 0.005, 0.005, 1.679, 0.024, 0.000, 0.080, 0.154, 0.011, 0.005, 0.005",0.51
RU-Che,1.0,,,,"0.005, 0.005, 0.005, 0.005, 1.679, 0.024, 0.000, 0.080, 0.154, 0.011, 0.005, 0.005",0.51
RU-Cok,1.0,,,,"0.003, 0.003, 0.003, 0.003, 2.251, 0.539, 0.120, 0.043, 0.133, 0.052, 0.047, 0.003",2.58
US-A03,1.0,,,,"0.002, 0.002, 0.003, 0.083, 0.208, 0.000, 0.000, 0.000, 0.025, 0.000, 0.003, 0.002",4.67
US-A10,1.0,.true.,,,"0.002, 0.002, 0.002, 0.024, 1.516, 0.118, 0.206, 0.203, 0.326, 0.018, 0.007, 0.002",1.78
US-Atq,1.0,.true.,,,"0.002, 0.002, 0.002, 0.024, 1.516, 0.118, 0.206, 0.203, 0.326, 0.018, 0.007, 0.002",2.43
US-BZB,1.0,,,,"0.000, 0.000, 0.000, 1.387, 0.000, 0.000, 0.000, 0.006, 0.021, 0.101, 0.000, 0.000",10.00
US-BZF,1.0,,,,"0.000, 0.000, 0.000, 1.387, 0.000, 0.000, 0.000, 0.006, 0.021, 0.101, 0.000, 0.000",10.00
US-Beo,1.0,,,,"0.002, 0.002, 0.002, 0.024, 1.516, 0.118, 0.206, 0.203, 0.326, 0.018, 0.007, 0.002",1.78
US-Bes,1.0,.true.,,,"0.002, 0.002, 0.002, 0.024, 1.516, 0.118, 0.206, 0.203, 0.326, 0.018, 0.007, 0.002",1.78
US-DPW,0.0,,,,"1.669, 1.518, 1.622, 1.376, 1.558, 2.432, 2.623, 2.892, 2.884, 2.310, 1.539, 1.545",2.04
US-ICs,1.0,.true.,,,"0.000, 0.000, 0.000, 0.066, 0.973, 0.000, 0.000, 0.000, 0.000, 0.000, 0.000, 0.000",10.00
US-Ivo,1.0,,,,"0.000, 0.000, 0.000, 0.003, 2.595, 0.000, 0.000, 0.000, 0.013, 0.008, 0.000, 0.000",5.94
US-LA2,0.0,,,,"1.910, 2.542, 2.439, 1.562, 1.572, 1.905, 3.203, 4.131, 4.650, 2.183, 1.853, 3.142",0.70
US-NC4,0.0,,,,"2.037, 2.155, 1.952, 0.644, 1.050, 0.167, 0.671, 2.012, 3.009, 2.088, 1.972, 2.524",0.93
US-NGB,1.0,.true.,,,"0.002, 0.002, 0.002, 0.024, 1.516, 0.118, 0.206, 0.203, 0.326, 0.018, 0.007, 0.002",1.78
US-NGC,1.0,,,,"0.002, 0.002, 0.002, 0.327, 1.965, 0.097, 0.220, 0.918, 0.364, 0.349, 0.059, 0.002",8.73
US-ORv,0.0,.true.,,,"1.310, 2.271, 1.353, 1.453, 1.907, 1.806, 1.387, 1.007, 1.030, 0.915, 1.074, 1.756",10.00
US-OWC,0.0,,,,"1.310, 2.271, 1.353, 1.453, 1.907, 1.806, 1.387, 1.007, 1.030, 0.915, 1.074, 1.756",10.00
US-EDN,0.0,,,,"0.997, 1.480, 1.848, 1.245, 1.001, 0.846, 0.451, 0.245, 0.166, 0.519, 0.519, 1.002",10.00
US-LA1,0.0,,,,"1.910, 2.542, 2.439, 1.562, 1.572, 1.905, 3.203, 4.131, 4.650, 2.183, 1.853, 3.142",10.00
US-MRM,0.0,,,,"2.495, 2.568, 3.085, 1.761, 2.076, 2.235, 1.974, 2.132, 2.301, 2.520, 2.134, 2.825",10.00
IT-Cas,,,.true.,,"2.111, 1.873, 1.576, 1.696, 1.929, 2.199, 1.958, 1.541, 1.217, 0.967, 1.754, 2.496",10.00
JP-Mse,,,.true.,,"1.869, 2.105, 2.125, 2.317, 2.728, 3.833, 3.800, 4.094, 4.150, 3.107, 2.739, 2.128",10.00
KR-CRK,,,.true.,,"0.867, 0.718, 0.514, 0.860, 1.355, 2.473, 8.513, 7.882, 5.918, 1.999, 2.066, 1.807",10.00
PH-RiF,,,.true.,,"1.736, 1.617, 1.040, 0.949, 1.758, 6.207, 7.951, 11.311, 11.126, 9.871, 6.322, 4.529",10.00
US-HRA,,,.true.,,"1.866, 2.329, 2.241, 2.402, 4.416, 3.038, 3.222, 1.450, 1.235, 1.376, 1.496, 1.897",10.00
US-HRC,,,.true.,,"1.866, 2.329, 2.241, 2.402, 4.416, 3.038, 3.222, 1.450, 1.235, 1.376, 1.496, 1.897",10.00
US-Twt,,,.true.,,"1.597, 2.280, 3.528, 2.070, 1.860, 1.780, 1.319, 0.795, 0.535, 0.765, 0.671, 1.442",10.00
AT-Neu,,,,,"1.102, 0.675, 2.170, 1.332, 1.520, 2.027, 2.321, 2.285, 2.067, 1.992, 1.865, 1.808",10.00
CA-SCC,,,,,"0.019, 0.001, 0.057, 2.489, 0.130, 0.000, 0.000, 0.036, 0.000, 0.086, 0.001, 0.001",10.00
CH-Cha,,,,,"1.793, 2.372, 2.336, 1.879, 2.041, 2.428, 2.794, 2.505, 2.270, 2.260, 2.387, 2.516",10.00
CH-Dav,,,,,"1.793, 2.372, 2.336, 1.879, 2.041, 2.428, 2.794, 2.505, 2.270, 2.260, 2.387, 2.516",10.00
CH-Oe2,,,,,"2.090, 2.267, 1.459, 1.193, 1.384, 1.429, 1.415, 1.495, 1.273, 1.205, 1.492, 3.034",10.00
CN-Hgu,,,,,"0.375, 0.256, 0.296, 0.270, 0.587, 1.227, 2.083, 1.883, 1.957, 1.680, 1.300, 0.742",10.00
DE-Dgw,,,,,"1.079, 1.255, 0.532, 0.373, 0.528, 0.465, 0.656, 0.597, 0.523, 0.611, 0.729, 1.103",10.00
FI-Hyy,,,,,"0.892, 0.540, 1.211, 3.277, 0.713, 0.735, 0.775, 0.725, 0.864, 1.088, 1.315, 1.042",10.00
IT-BCi,,,,,"0.503, 0.489, 0.493, 0.568, 0.402, 0.408, 0.350, 0.197, 0.291, 0.373, 0.385, 0.497",10.00
JP-SwL,,,,,"2.398, 3.178, 2.532, 2.653, 2.692, 3.336, 4.312, 4.156, 5.012, 3.405, 3.433, 3.039",10.00
RU-Fy2,,,,,"0.655, 0.422, 1.780, 2.620, 0.770, 0.866, 0.690, 0.827, 0.789, 1.157, 1.596, 1.387",10.00
US-BZS,,,,,"0.000, 0.000, 0.000, 1.387, 0.000, 0.000, 0.000, 0.006, 0.021, 0.101, 0.000, 0.000",10.00
US-Bi1,,,,,"1.597, 2.280, 3.528, 2.070, 1.860, 1.780, 1.319, 0.795, 0.535, 0.765, 0.671, 1.442",10.00
US-Bi2,,,,,"1.597, 2.280, 3.528, 2.070, 1.860, 1.780, 1.319, 0.795, 0.535, 0.765, 0.671, 1.442",10.00
US-CRT,,,,,"1.310, 2.271, 1.353, 1.453, 1.907, 1.806, 1.387, 1.007, 1.030, 0.915, 1.074, 1.756",10.00
US-EML,,,,,"0.198, 0.142, 0.112, 1.369, 3.634, 0.310, 0.402, 0.634, 0.928, 1.077, 0.524, 0.297",10.00
US-Ho1,,,,,"1.796, 1.378, 3.118, 3.575, 2.203, 2.468, 2.424, 2.056, 1.754, 2.475, 2.820, 3.701",10.00
US-MAC,,,,,"1.414, 1.261, 1.326, 1.180, 1.377, 2.262, 3.319, 3.428, 3.642, 2.636, 1.705, 1.422",10.00
US-Pfa,,,,,"0.594, 0.780, 1.205, 0.605, 1.017, 1.498, 1.641, 1.440, 1.272, 1.136, 0.974, 0.928",10.00
US-Snd,,,,,"1.597, 2.280, 3.528, 2.070, 1.860, 1.780, 1.319, 0.795, 0.535, 0.765, 0.671, 1.442",10.00
US-Tw3,,,,,"1.597, 2.280, 3.528, 2.070, 1.860, 1.780, 1.319, 0.795, 0.535, 0.765, 0.671, 1.442",10.00
