ID,DEF_WETLAND_PEAT_SHARE_SITE,USE_SITE_LAI,USE_SITE_pctcrop,SITE_landtype,DEF_WETLAND_POND_TARGET_SITE,DEF_WETLAND_POND_MAX_SITE
BR-Npw,0.0,,,2,,
CA-SCB,1.0,,,,,
DE-Hte,1.0,,,,0.2,
DE-SfN,1.0,,,,,
DE-Zrk,1.0,,,,,
FI-Lom,1.0,,,,,
FI-Si2,1.0,,,,,
FI-Sii,1.0,,,,,
FR-LGt,1.0,,,,,
JP-BBY,1.0,,,,,
MY-MLM,1.0,,,,,
NZ-Kop,1.0,,,,,
SE-Deg,1.0,,,,,
US-Los,1.0,,,,,
US-Myb,0.0,,,,0.2,
US-Sne,0.0,,,,0.143,
US-Srr,0.0,,,,,
US-StJ,0.0,,,,,
US-Tw1,0.0,,,,0.309,0.309
US-Tw4,0.0,,,,0.19,
US-Tw5,0.0,,,,0.660,0.660
US-Uaf,1.0,,,,,
US-WPT,0.0,.true.,,,0.390,0.390
BW-Gum,0.0,,,11,0.2,
BW-Nxr,0.0,,,10,,
ID-Pag,1.0,,,,,
NL-Hor,1.0,,,,,
RU-Ch2,1.0,,,,,
RU-Che,1.0,,,,,
RU-Cok,1.0,,,,,
US-A03,1.0,,,,,
US-A10,1.0,.true.,,,,
US-Atq,1.0,.true.,,,,
US-BZB,1.0,,,,,
US-BZF,1.0,,,,,
US-Beo,1.0,,,,,
US-Bes,1.0,.true.,,,,
US-DPW,0.0,,,,,
US-ICs,1.0,.true.,,,,
US-Ivo,1.0,,,,,
US-LA2,0.0,,,,,
US-NC4,0.0,,,,,
US-NGB,1.0,.true.,,,,
US-NGC,1.0,,,,,
US-ORv,0.0,.true.,,,,
US-OWC,0.0,,,,0.599,0.599
US-EDN,0.0,,,,,
US-LA1,0.0,,,,,
US-MRM,0.0,,,,,
IT-Cas,,,.true.,,,
JP-Mse,,,.true.,,,
KR-CRK,,,.true.,,,
PH-RiF,,,.true.,,,
US-HRA,,,.true.,,,
US-HRC,,,.true.,,,
US-Twt,,,.true.,,,
