线	项	状态	内容	产物或作业	备注
文献	L-1	已做	三角洲管理沼泽塔足迹 LAI 与埋碳份额（Myb、Sne、WPT 的 GPP 偏高 1.7–2 倍；各塔埋藏份额）	v2/results/lit_marsh_lai_260929.txt	D-63 ②、C-83 后续
文献	L-6	已做	热带泥炭实测水位与单位面积排放，Q-57	v2/results/lit_tropical_peat_wtd_260930.txt	—
全球	G-10	备货	热带泥炭产率按穹顶维度降低：`wetland_f_tropical_peat` 或 s_dome 挂 f，目标 GLWD 26 类约 14 g（8–22）；pH 口径在 V-157 后定	—	Q-57
实现	I-10	已做	湿地维度份额第一步 C-88	ae6c3f60、8452054b	—
站点	S-8	已做	V-154 维度份额第一步 v2_p8d	queue 67	V-154 已判
实现	I-11	已做	湿地维度第二步（滞后单值 27 d）与 C-66 林下藓层供碳（C-89）	04842b9e	—
站点	S-10	已做	V-156 维度第二步 v2_p9dl、v2_p9e	queue 71–72	滞后 27 d 与藓层保底采用；US-Uaf 转差记 Q-62
实现	I-13	已做	湿地维度第三步 D2 水源（C-92）	3710228a	—
实现	I-14	已做	热带泥炭土壤端元 C-91（上层给水度 0.50–0.68 → 热带 0.14–0.29）	95e4985b	—
实现	I-15	已做	Q-58 van Genuchten α 单位核实：真错，上游自 2022 起如此	v2/results/check_vg_alpha_260930.txt	—
实现	I-19	已做	C-94 α 单位修正开关 DEF_VG_ALPHA_MM	fb9279b3	—
站点	S-13	已做	V-165 C-94 α 修正站点筛选 v2_p9al（77 塔）	queue 79	V-165：站点升 14 降 25，暂不采用，看全球 V-166 水文
全球	G-14	进行中	V-166 C-94 α 修正全球冷启动 g2_o7a	LSF 220662、220663	对 O-7
实现	I-16	已做	模式蒸散在热带泥炭塔偏低 20–30 %（ID-Pag、MY-MLM）诊断	964d085e	C-103：冠层高度键，关
全球	G-11	进行中	V-160 O-7 加 C-91 冷启动 g2_o7t	LSF 220658、220659	—
站点	S-12	已做	V-161 bog 深托底加苔藓阻抗 v2_p9h	queue 77	V-161 采用：泥炭 14 塔 0.28 → 0.42，US-Uaf 回正；下一基底 v2_p8h
文献	L-5	已做	湿地分类重设计：现 5 类（纬度加有机质硬切）的消费点、77 塔错归、过程维度、GLWD v2 份额连续加权方案（用户 2026-09-30 要求）	v2/results/design_wetland_class_260930.txt	之后接实现
文献	L-2	已做	湿苔原塔单位面积偏高（US-A10、US-Atq 量级比 2–3.5）：足迹高处份额以外的原因，积水期枯落物是否成立	v2/results/diag_tundra_high_260930.txt	Q-66：US-A10 强迫气温为再分析插补偏暖；苔原湿地无出流；砂质底
文献	L-3	已做	热带洪泛与泥炭产率：pH 下限 φ 的取值依据与热带实测（GSDE pH 与实测 pH 的偏差）	v2/results/lit_ph_floor_260930.txt	Q-67：先开 C-59，D-61 待全球补景观机制
文献	L-4	已做	湖泊底物按生产力与热带偏高，Q-59	v2/results/lit_lake_productivity_260930.txt	—
文献	L-7	已做	全球稻田偏低诊断，Q-60（主因配置不一致、雨养面积、pH、第二季）	v2/results/diag_rice_global_260930.txt	—
全球	G-15	已做	V-163 稻田配置对齐（根际 0.65、rox only、淹水 pH 中性）全球续跑 g2_ri	LSF 220661	V-163 采用：稻田 18.9 → 24.7，洪泛因淹水 pH 中性升
实现	I-20	已做	C-95 稻田第二季在头季收获后播种（宿主），分支 rice-second	cb9f94d8	单点只 PH-RiF 变、略好；中国放不下第二季
文献	L-9	已做	fen 塔修错后转差诊断，Q-61（纯量级；FI-Lom GPP 偏低 0.55 倍；份额维持 0.40）	v2/results/diag_fen_260930.txt	—
文献	L-10	已做	盐沼偏高（US-Srr 19 倍、US-MRM 81 倍）：硫酸盐抑制机理与改法	v2/results/lit_saltmarsh_260930.txt	Q-65：C-42 保留，加硝酸盐项 C-96；DE-Hte 是淡水复湿泥炭
实现	I-22	已做	按塔上 GPP 约束足迹 LAI 的通用工具 lai_from_gpp.py	v2/results/lai_from_gpp_260930.txt	Q-63：开阔泥炭上限 0.6 偏低，fen GPP 比 0.62
站点	S-14	已做	V-167 泥炭塔实测水位诊断 v2_p9w	queue 80	V-167：fen 偏低不在水位；实测水位零点不宜直喂
实现	I-21	备货	中日韩稻田中期烤田在 rice_host_water 分支里的表示	—	Q-60 第 5 项
文献	L-8	已做	稻田面积与灌溉份额改用 SPAM 2020 或 MIRCA 的地表数据方案（mksrf）；含中国双季份额修正（rice_double_2deg.nc 标 66 %，统计约 19.5 %，SPAM 2020 收获÷物理面积）	v2/results/lit_rice_area_260930.txt	Q-71：面积落点是主因；SPAM 2020 要用户下载；PCT_CROP 待用户定
实现	I-17	已做	C-93 湖泊活性库产甲烷比例键（大湖折减因无单湖面积未做）	42fa4787	—
实现	I-18	备货	mksrfdata 用 HydroLAKES 生成大湖（≥ 5000 km²）份额层与水库/大河份额层，供大湖折减与湖面积修正	—	Q-59，数据侧
全球	G-12	已做	V-162 C-75 活性库加 lake_f 0.4 全球续跑 g2_lf	LSF 220660	V-162 不采用：湖泊 20.2 Tg，分区更散
全球	G-13	备货	湖泊斑块面积去掉水库与大河（GLWD 3、4、5 类）：地表数据改动，需 mksrf（一次只跑一个）	—	Q-59 面积
站点	S-1	已做	V-147 三组：去 C-82、份额 0.55、C-66（在 v2_p8a 上）	queue 57–59	—
站点	S-2	已做	C-86（C-82 只作用于温带沼泽类）在 v2_p8a 上，子集 wet（V-149）	queue 60，tag v2_p8m	见下一行 V-149
站点	S-3	已做	C-85 埋碳份额 0.5（五座三角洲复湿塔），V-150	queue 61	V-150 已判：Tw1、Tw4 转好
站点	S-11	已做	V-158 候选站点新基底 v2_p9f（77 塔）	queue 74	V-158：埋碳修 Tw1、Tw4；LAI 上限后三角洲沼泽甲烷偏低，Q-64
站点	S-5	备货	C-85 加 C-83 盖度（Myb、Sne 看 LAI 修正前后）	—	低优先
站点	S-4	已做	足迹 LAI（Myb、Sne、WPT）	—	并入 V-172
全球	G-1	已做	V-146 pH 下限 0.4：117 → 194.5 Tg，巴西回到区间，北方与东南亚转高，|ln| 0.33 → 0.25	—	与 Q-56、北方单位面积一并升格
全球	G-9	已做	V-157 站点物理（D-59、C-64）加 pH 下限的全球续跑 g2_sp	LSF 220657	V-157 采用：208.5 Tg，北方降、热带洪泛升
全球	G-8	备货	pH 下限（或 L-3 的物理替代）加热带泥炭端元 C-91 的全球组合续跑（C-87 已在 V-153 否决）	—	V-146、V-153、Q-56
全球	G-6	已做	V-153 木本通道 1e-5 全球续跑 g2_wc5	LSF 220655	不采用：117 → 188.7 Tg，热带泥炭 40 → 57 g，北非与东南亚超参照
全球	G-2	已做	O-7 冷启动（V-148）：O-6 + C-65 + C-66 + C-73 + C-69（C-23 退役），2008 窗口 spin-up，跑 2009–2012	LSF 220372、220373	O-7：98.3 Tg，北方与东南亚进参照，南美赤道非洲偏低；新全球基线
全球	G-4	备货	O-7 上续跑：湖泊 C-75（若 V-133 通过）与 pH 下限 φ（若 V-146 通过）	—	O-7 2012 重启之后
全球	G-3	备货	O-7 上的 C-64（地面导度取宿主阻抗）续跑筛选	—	O-7 之后
实现	I-1	已做	C-85 湿地埋碳份额键	65095cc1	D-63 ②
实现	I-2	已做	C-82 限定温带沼泽类（C-86）	6fef5f58、7dd1924d	—
实现	I-4	备货	候选 10 的代码半：氧化基准温度改多研究值（Physics.F90 硬编码处）	—	V-145 暂不采用，低优先
实现	I-5	备货	截留与通气组织按冠层内量（C-83 已知近似的修正）	—	C-83 保留时再做
实现	I-3	已做	候选 33 木本通道定截面 A_w（C-87）	a607d4f9	—
站点	S-6	已做	V-151 木本通道三档	queue 62–64	V-151 已判：木本通道不升格
实现	I-7	已做	GLWD v2 全 33 类份额：2° 网格与 77 塔（1 km、5 km）	v2/data/glwd33_2deg.nc、glwd33_sites77.csv	塔尺度错归多（三角洲淡水沼泽落 29 类盐沼），站点用塔实际类型
实现	I-8	已做	全球排放按 GLWD 类组拆分的评估脚本 class_eval.py	v2/scripts/class_eval.py	Q-54
实现	I-9	已做	热带有林泥炭单位面积 73 g（站点最高 30）诊断，Q-56；顺带查出站点年累加重复翻转 C-90	v2/results/diag_tropical_peat_260930.txt	—
实现	I-14	已做	热带泥炭水位偏浅 6–18 cm：拆 C-52 上层给水度与下层导水，对热带实测水力性质，定改法（C-91，分支 tropical-peat-wt）	v2/results/diag_tropical_peat_wt_260930.txt	改法即 C-91（95e4985b）
站点	S-9	已做	V-155 修错后新对照 v2_p9a（77 塔）与 v2_p9d、v2_p9Lb	queue 68–70	V-155 已判：修错后新对照
站点	S-2	已做	V-149 C-86 采用（湿地中位 0.28 → 0.32）	—	—
全球	G-7	备货	热带泥炭水力参数续跑筛选（I-14 定改法后）	—	Q-56
站点	S-7	已做	V-152 足迹 LAI 上限、LAI 加逐塔埋碳	queue 65–66	V-152 已判：LAI 上限修 GPP，量级偏低
全球	G-5	备货	河滨季节饱和 14、15 类（2.7 Mkm²）进湿地面积的敏感性（需 mksrf，一次只跑一个）	—	Q-51 非洲、西南南美面积偏低；等分类方案
实现	I-6	备货	湿地分类重设计的实现（地表数据份额层与甲烷模块改挂）	—	文献 L-5 交回后
站点	S-15	已做	V-159 修错后根际份额重验 v2_p9s55、v2_p9s25	queue 75–76	维持 0.40
站点	S-16	已做	V-168 pH 下限 0.4 的站点检验 v2_p9ph（77 塔）	queue 81	V-168 与 v2_p9f 逐行相同，站点无 pH 因子得证
站点	S-17	已做	V-169 热带泥炭端元 C-91 的站点检验 v2_p9tp	queue 82	V-169：MY-MLM 量级比 8.85 → 6.36、振幅比翻倍；按全球 V-160 定
站点	S-18	已做	V-170 BW-Gum 改常年纸莎草湿地斑块 v2_p9gm	queue 83	V-170 采用：BW-Gum −1.85 → 0.70，swamp 类中位 −0.93 → 0.20
站点	S-19	已做	Q-62 US-Uaf 藓层保底不够：塔上林下组成与 s_moss	—	由 V-161 解
文献	L-11	已做	北非洪泛（苏德、内尼日尔三角洲、乍得湖）单位面积与淹水范围：g2_bf 北非 7.8 已高于反演上限 7.2，木本通道与 pH 下限都把它再抬高	v2/results/lit_nafrica_floodplain_260930.txt	Q-69：苏德面积与时长偏大（尼罗河来水），查出禾草判定 bug
文献	L-12	已做	黑云杉永冻林（US-Uaf）甲烷的来源与林下组成（藓、莎草份额），供 Q-62 定藓层保底	—	不再需要：US-Uaf 由 V-161 解
全球	G-16	已做	V-171 C-95 稻田第二季全球续跑 g2_r2	LSF 220664	V-171 采用：稻田 25.4；中国降到 4.5 待 I-23
实现	I-23	备货	早稻与晚稻用短成熟积温（中国双季区），C-95 之后中国第二季才放得下	—	C-95 遗留
站点	S-20	已做	V-172 足迹 LAI 上限按塔上 GPP（19 塔）v2_p9lg	queue 84	V-172 不采用：藓层 GPP 被当成维管抬进甲烷；改按维管 GPP 重算
全球	G-17	已做	开阔泥炭 LAI 上限 wetland_lai_open_peat 0.6 → 泥炭塔类中位（V-172 后定）全球续跑	—	不做：Q-75 开阔泥炭上限维持 0.6
实现	I-24	已做	Q-64 三角洲沼泽单位 GPP 甲烷偏低诊断（土温、氧化份额、底物）	v2/results/diag_marsh_ch4_per_gpp_260930.txt	Q-64：C-77 盖度与足迹 LAI 重复扣，去掉并入 V-174
站点	S-21	已做	V-174 下一基底 v2_p9i：v2_p8h + BW-Gum + 全球已有的 C-14、C-41、C-65	queue 86	V-174：泥炭、BW-Gum、沼泽升；旱地与洪泛塔因 C-14/C-41 降
站点	S-22	进行中	稻田塔并入 C-95（DEF_RICE_SECOND_SOW_DAYS 15）进站点基底	queue 87（V-175）	单点只 PH-RiF 变
站点	S-23	进行中	US-Tw5 埋碳份额 0.47 压过头（V-158 0.58 → 0.18）：核对 L-1 取值来源与该塔复湿年限	queue 87（V-175）	V-158
站点	S-24	已做	V-173 盐沼硝酸盐 C-96 与 DE-Hte 淡水复湿泥炭 v2_p9sa	queue 85	V-173：DE-Hte 采用（−2.31 → −0.91）；C-96 硝酸盐不采用
实现	I-25	已做	永冻区湿地斑块冻土上方侧向排水（CLM5 perched drainage），分支 perched-drainage	09e80350	C-99：修冻土水位错判，LE 对上、甲烷变差，键关
站点	S-25	已做	US-A10、US-A03 强迫气温换实测（US-NGB 同时段或 AmeriFlux FLUXNET TA_F_MDS）：改数据正本，待用户定	—	C-101：US-A10 换 US-NGB 实测；US-A03 无可替，未改
站点	S-26	备货	US-A10、US-Atq 薄有机层压砂的土壤表示，与 I-25 合试	—	Q-66
文献	L-13	已做	盐沼潮汐：潮汐淹水与冲刷在单点的表示（水位时变、硫酸盐补给），供 C-96 之后的盐沼改法	v2/results/lit_tidal_marsh_260930.txt	Q-70：一套参数对不上两组塔，Srr、MRM 记已知偏差
全球	G-18	已做	O-7 上补站点已采用的机制（D-59、C-64、维度 C-88/89/92、C-71、C-26、积水枯落物阻抗、稻田对齐、C-59）续跑，pH 因子留与关两版	LSF 220735（V-188）	V-188 采用：178.6 Tg，18 区 |ln| 0.39 → 0.25
站点	S-27	进行中	WPT 埋碳 0.21 → 0（塔上年份净碳源）、Tw5 0.47 → 0.2–0.3（植被重置前积碳），V-174 之后	queue 87（V-175）	Q-64、S-23
全球	G-19	已做	新鲜碳份额（root_exudate_frac 0.15 → 0.3–0.4）治季节太平，站点筛选后过全球	—	不做：L-16 示 0.30 在文献区间外（Q-73）
实现	I-26	备货	湿地 LAI 上限只缩 tlai、SAI 保留遥感值（WetlandVeg.F90:284–313）：上限同比例缩 SAI，冠层不再按遥感 SAI 截光铺满斑块	—	Q-64 土温偏冷
站点	S-28	已做	V-164 修错后复测 C-64（v2_p9nc）	queue 78	C-64 保留：关掉总中位 0.44 → 0.33
实现	I-27	已做	PFT 模式禾草判定修错：自然土壤斑块按 PFT 禾草份额取孔隙度、按木本份额取 C-87，分支 grass-share	17efdac0、b766f695、4e9e3979	C-97 合入；键关逐位不变
实现	I-28	已做	洪泛面积逐格以 GLWD 8–15 类面积为上限（汇流淹水比例截断）	2f4ed528、fd08a620、04eab88d	C-100 合入；离线北非 −2.0、全球洪泛 −4.5 Tg
实现	I-29	已做	湖泊斑块负净产流从汇流水量里扣（宿主修错），分支 lake-evap	6cf2b143	C-98：修水量守恒，对尼罗河净作用小
文献	L-14	已做	湿地根际氧化份额全类型文献（bog、fen、苔原、沼泽、稻田现场同位素与抑制剂法），供 D-59 的 0.40 重定	v2/results/lit_rhizo_oxidation_260930.txt	Q-74：0.40 为含补偿有效值，产量修好后按维度重扫
文献	L-15	已做	尼罗河上游与苏德水量收支（入流、蒸发、出流，GRDC 站与水文文献），供 I-29 核宿主汇流	v2/results/lit_nile_sudd_water_260930.txt	Q-77：湖面蒸发丢了、苏德段太窄、储量遗留
文献	L-16	已做	新鲜碳（根分泌与当季光合产物）占湿地与稻田甲烷底物的份额：13C/14C 标记与剪除实验，供 G-19 的 root_exudate_frac 取值	v2/results/lit_fresh_carbon_260930.txt	Q-73：维持 0.15；季节太平在厌氧分解温度响应
文献	L-17	已做	热带洪泛区甲烷季节相位：卫星反演（TROPOMI、GOSAT）与塔上所见排放滞后淹水的时间（苏德、亚马孙、潘塔纳尔），供洪泛产甲烷起始滞后取值	v2/results/lit_flood_ch4_lag_260930.txt	Q-76：模式季节由植物送氧定；缺淹水时序
全球	G-20	备货	稻田地表数据改 SPAM 2020（物理面积、灌溉份额、复种），一次 mksrf 加冷启动：待用户下载 SPAM 并定 PCT_CROP	—	Q-71
站点	S-29	已做	V-176 新鲜碳份额 root_exudate_frac 0.30 筛选 v2_p9ex	queue 88	V-176：中位 0.39 → 0.47，但 0.30 在文献区间外
全球	G-21	已做	V-177 C-97 禾草份额与 PFT 根系全球续跑 g2_gs	LSF 220665	V-177 采用：北非 8.7 → 6.7
全球	G-22	进行中	关 C-14 与 C-41，加洪泛面积按 GLWD 8–15 类封顶（先做 I-28）的全球检验，看旱地、洪泛塔与全球能否同时对上；并入 Walter 修正、全球大气 CH4 时变、k_m_unsat 1.5e-4 与土壤吸收新口径（Q-82）	g2_o8d（V-198，LSF 221358）	V-190 采用：143.7 Tg，反演区间内 12/18；第二段加键二与 C-97
实现	I-30	已做	lai_from_gpp.py 加藓层扣除：维管目标 GPP = 塔上 GPP ×（1 − s_moss × 0.48），重算上限	v2/results/lai_from_gpp_260930.txt 续	Q-75：按塔 GPP 定上限不采用；缺藓层生产力
实现	I-31	已做	季节太平：产甲烷与厌氧分解的温度响应（模式表观 Q10 1.6–2.2 对 Mayberry 4.5–7.4），读码拆 f(T) 各因子并查文献定改法	queue 95–96（V-184、V-185）	V-184/V-185 不采用：各类振幅偏差方向不同
站点	S-30	已做	V-178 候选新基底 v2_p9k（77 塔）	queue 89	V-178：47 塔中位 0.22 → 0.39；新对照
站点	S-31	已做	V-179 关 C-14、C-41 的洪泛塔诊断 v2_p9kn	queue 90	V-179：两洪泛塔转差全来自 C-14、C-41（×0.43–0.56）
实现	I-32	备货	根际氧化按植被维度分值（挺水 0.25、泥炭莎草 0.10、木本 0.30 先验），待产量侧修好后重扫	—	Q-74
文献	L-18	已做	泥炭地藓层光合占 GPP 的份额（bog、fen、苔原塔上分区或模型拆分），供 I-30 的维管 GPP 口径与 C-89 的 0.48	v2/results/lit_moss_productivity_260930.txt	Q-83：藓 NPP 最简表示与参数
文献	L-19	已做	产甲烷与厌氧分解的温度敏感性（表观与内禀 Q10，季节滞后），供 I-31	v2/results/lit_ch4_q10_260930.txt	Q-78：模式季节敏感性为塔上 53–76 %；用局地基准做季节强跨站弱
实现	I-33	已做	开阔泥炭藓层生产力作为凋落物输入（藓 NPP 占湿地生产力 0.32–0.48，Turetsky 2010；与 C-89 藓层保底统一），配合维管 LAI 按维管 GPP	分支 moss-npp；moss_npp_260930.txt	V-192 不采用：甲烷升 30–106 %，类中位降
站点	S-32	已做	V-180 FI-Lom 藓份额按实测 0.57 v2_p9lm	queue 91	V-180：FI-Lom 几乎不变，按实测进基底
实现	I-34	已做	通气组织送氧打折 aere_o2_frac（根自耗与 ROL 屏障，Colmer 2003；ISBA 0.3），作用于全部斑块的 oxaere，分支 aere-o2	v2/results/aere_o2_260930.txt	Q-79：D-59 已清零送氧，本键冗余，不合并
站点	S-33	备货	BW-Nxr 站点洪泛序列补 10–11 月退水段（GIEMS 3×3 窗口与塔足迹不符），看 10–12 月排放能否回来	—	Q-76 改法 A
站点	S-34	已做	V-181 无 C-14/C-41 的全体站点对照 v2_p9kna	queue 92	V-181：旱地与洪泛塔回 C-14 前；定夺等 I-37 与 G-22
站点	S-35	已做	V-182 root_exudate_frac 0.25（文献区间上端）v2_p9ex25	queue 93	V-182 采用 0.25：37 塔 0.39 → 0.46
全球	G-23	备货	汇流分汊 DEF_USE_BIFURCATION 开关对苏德面积与北非甲烷的全球检验	—	Q-77 改法 c
文献	L-20	已做	排干泥炭地塔（US-Bi1、US-Bi2、US-Snd、US-Tw3、US-MAC、NL-Hor）甲烷季节与来源（沟渠、灌溉淹水、牧场）：模式 r 为负的原因	v2/results/diag_drained_260930.txt	Q-80：三塔作物取了全球稻田份额；改作物要动数据正本，待用户定
文献	L-21	已做	旱地塔（11 座）甲烷净通量的来源：土壤吸收与饱和层排放的分量、塔上正排放的成因，供 C-14 去留	v2/results/lit_upland_ch4_260930.txt	Q-81：查出 Walter 归一化错；C-14 对旱地不成立
站点	S-36	已做	V-183 基底 10 轮 spin-up 稳健性 v2_p9ks10	queue 94	V-183：5 轮够，US-Uaf 未平衡
全球	G-24	备货	C-98 湖面净蒸发进汇流的全球续跑：看全球水量闭合日志、五大湖与坦噶尼喀出流、苏德	—	C-98
实现	I-35	备货	尼罗河上游陆面 P − ET 偏大（Kyoga 段与区间来水）诊断：CRUJRA 降水与模式蒸散对观测	—	Q-77 改法 D
站点	S-37	已做	V-184 温度结构 q10 2.0 加局地基准 v2_p9q20	queue 95	V-184：中位不变，沼泽 fen 升、bog 苔原降，不采用
站点	S-38	已做	V-185 同上 q10 2.7 v2_p9q27	queue 96	V-185：2.7 过强，37 塔 0.44 → 0.37
文献	L-22	备货	季节太平的剩余部分：1–4 周周转的新鲜碳库与产甲烷菌量动态（C-63）文献，供 V-184/V-185 之后	—	Q-78 第 13 条
站点	S-39	已做	US-Bi1、US-Bi2、US-Tw3 塔下单一作物（改站点数据正本，待用户定）；US-MAC、US-Snd 开 USE_SITE_WTD 诊断	—	C-102：三塔塔下作物；USE_SITE_WTD 诊断未做
实现	I-36	备货	C-99 栖留出流按坡度缩放（sloperatio_patches，苔原塔 0.0005–0.0365），平地积水塔保住积水，再与 C-99 同开复测	—	C-99
实现	I-37	已做	Walter 深度衰减归一化错乘全部层的修错（分支 walter-norm）	e979f598	C-104：旱地转弱汇，湿地基本不变
实现	I-38	已做	全球旱地土壤吸收只 0.5–0.8 Tg（文献约 30）诊断	diag_soil_uptake_260930.txt	Q-82：口径错、Walter 错压吸收；改法 a–d 并入 G-22
全球	G-25	已做	C-100 洪泛封顶单独的全球续跑 g2_fc（g2_sp 上，C-41 开）	LSF 220666（V-186）	V-186 采用：北非 12.6 → 9.4，全球 −6 Tg
文献	L-23	备货	全球土壤甲烷汇的空间分布与单位面积（森林、草地、农田、干旱区），供 I-38 定吸收参数	—	Q-81
全球	G-26	备货	root_exudate_frac 0.25 的全球续跑（作用于全部非湖斑块），与 G-18 合并也可	—	V-182
站点	S-40	已做	V-187 新基底 v2_p9m（77 塔）	queue 97	V-187 新基底：47 塔 0.39 → 0.43；US-A10 r 降待查
站点	S-41	已做	US-A10 换实测气温后相位 r 0.76 → 0.40：看月气候态哪几个月变了	—	r 降来自冷季尾巴与 8 月峰后移；量级 3 倍收到 2 倍
站点	S-42	已做	V-189 基底加 C-104 v2_p9n（77 塔）	queue 98	V-189 采用：湿地不变，稻田升
站点	S-43	已做	偏高泥炭三塔（FR-LGt β 13、DE-SfN 5.3、US-Los 2.6）诊断：塔上事实与模式设置的错配	v2/results/diag_peat_high_260930.txt	Q-84：偏在碳转甲烷份额；FR-LGt 排水、DE-SfN 零点与矮松、US-Los 灌丛
站点	S-44	已做	V-191 FR-LGt 下限 0.25 m	queue 99	V-191 采用：FR-LGt −2.25 → −1.84
实现	I-39	已做	含水位层按饱和份额产甲烷、C-14 限淹水子柱、查非饱和子柱氧化上限（分支 wt-layer）	wt_layer_260930.txt	C-105 cdabbbc2：键二采用，键一、键三待与按塔水位下限一并评估（V-193）
站点	S-45	备货	DE-SfN 水位零点改平均地表（井位减 0.13 m，需改站点水位数据，待用户定）；DE-SfN、US-Los 有林份额按塔上事实（先拆 LAI 不封顶与 C-89 绑定）	—	Q-84 ③
站点	S-46	已做	V-194 新基底 v2_p9p = v2_p8o + C-105 键二，77 塔	queue 100	V-194 采用：AT-Neu 0.14、CH-Cha −1.86，旱地符号正确 0.27 → 0.45
站点	S-47	备货	C-105 键一、键三与按塔事实水位下限一并评估（先查各塔塔上夏季水位，再放下限）	—	V-193
站点	S-48	已做	V-195 泥炭与苔原 25 塔开 C-99（US-Uaf 水位 1–2 m 对塔上 0.1–0.2 m）	queue 101	V-195 不采用：湿苔原 0.53 → 0.29，US-Uaf 病在雨养份额无补水
站点	S-49	已做	V-196 DE-Zrk 积水目标 0.23 m、FI-Lom 0.03 m（Delwiche 2021 Table B2）	queue 102	V-196 采用：DE-Zrk 0.09 → 0.12、FI-Lom 0.23 → 0.41，fen 中位 0.23 → 0.41
站点	S-50	已做	V-197 US-Uaf 开阔 bog 份额 1（下限 0.20 m，塔上 0.10–0.18 m）	queue 103	V-197 不采用：水位对上但排放高 20 倍（Q-86 补偿误差）
站点	S-51	已做	V-199 下一站点基底 v2_p9q：积水目标加全球已采用的 C-97 与 k_m_unsat，77 塔	queue 104	V-199 采用：fen 0.23 → 0.41，旱地量级略降、US-Ho1 符号转对
站点	S-52	进行中	V-200 C-60 冻结层产量不重复乘液态水份额（苔原冷季偏低）	queue 105	Q-27 ④
