n	状态	针对	候选	依据	改动	测法	备注
1	在测	Q-45	湿地泥炭土壤剖面（C-52，模式 1、2）	Lawrence and Slater 2008；Letts et al. 2000；Bechtold et al. 2019	代码已在 c52	V-100、V-101、V-102、V-104 全套	
2	在测	Q-45	取消或放深湿地水位下限	下限本是补水替身；泥炭下层隔水应由 C-52 物理表示	配置	V-98、V-99、V-102、V-104	
3	在测	Q-44	Q10 2.0、未冻期均温基准、驯化权重 0.5（C-51、C-53）	Yvon-Durocher et al. 2014 季节 0.96 eV、跨站更弱；Dunfield et al. 1993；Segers 1998	代码已在 c52	V-103 全套；V-106 全球筛选	权重 0.3、0.7 待冻结库后子集扫
4	代码已写（82da22d2、21d74eda），待筛	Q-43、Q-46	湿地根际氧化改为植物所输甲烷的固定份额（仿稻田 C-25b），湿地斑块与土壤斑块淹水子柱（稻田除外）不再由通气组织向土层送氧	原位测定多在 10–50%（King 1996 均值 27%；Calhoun and King 1997 原位 26–48%；Kankaala and Bergström 2004 为 27–52%；Lombardi et al. 1997 野外 23%；莎草偏低，Turner et al. 2020 单株 Carex 4%）；温室与离体偏高 60–90%；热带无实测	甲烷模块 wetland_aereoxid，默认关；树 sp_v2_c56	子集 swamp、tundra、peat，从冻结库起跑	模式现况：淹水子柱氧化 58–90%（V-87、V-88），通气组织送氧多于分解耗氧；子调研：根系向土壤的净放氧只占土壤耗氧的约 1/10（Howes and Teal 1994，盐沼）乃至约 0.3%（芦苇床根际净释 0.02 对入基质总氧 5.86 g O2 m-2 d-1，Brix and Schierup 1990，只读检索摘录）；放氧限于根尖数厘米，基部有屏障（Colmer 2003 表 4：稻、芦苇基部 <1–10 nmol m-2 s-1）；芦苇对流送下的氧 80–95% 原路排出（Brix et al. 1996）；洪泛树种根系放氧弱或无（De Simone et al. 2003）
5	代码已写（4672cd4d），待筛	稻田重复计算	稻田只保留固定根际氧化份额，不再同时预报式送氧（rice_rox_only）	同候选 4；C-25b 现同时开两种	甲烷模块 rice_rox_only，默认关；树 sp_v2_c56	子集 rice，从冻结库起跑	
6	代码已并入（3f0a46d4，C-69），在测 V-125	Q-43	淹水子柱的植物源活性底物：土壤斑块被淹子柱当步把本斑块 NPP 的一份（0.15）按根分布放进淹水子柱分解，同量从凋落物输入扣除	Wania et al. 2010 表 4 fexu 0.15；Helfter et al. 2022 BW-Gum 排放随 GPPmax；Dalmagro et al. 2019 BR-Npw 汛初峰由凋落物与活性 DOC 供给；Ringeval et al. 2014 批评格点平均 HR 作底物	甲烷模块加宿主 BGC 凋落物输入端扣减，须守恒，照 C-23 写法	子集 swamp，从冻结库起跑	见 v2/results/lit_floodplain_260929.txt 第 5.1 节；宿主是旱地 PFT，NPP 非水生植物
7	并入 23	Q-43（全球）	淹水子柱 pH 取淹水后值：pH 因子按 min(pH + 0.5–0.8, 6.2)	McNicol and Silver 2014 表 2（热带 Ultisol 淹水后 5.8 → 6.3–6.6）	甲烷模块，默认 0	站点 pH 常数 6.2 测不出，直接全球筛选	证据只一项培养实验；刚果可能被推高
8	待设计	Q-43	淹水水层：水深取漫滩均深，水气交换用 k600，O2 边界取低氧水体，冒泡直出	Melack et al. 2022；Barbosa et al. 2018；Marani and Alvala 2007	甲烷模块加汇流多发布一个量	待候选 4、6 使土中甲烷升起来后再测	
9	代码已并入（42703922、a2f6f571），在测 V-118	审计	地表甲烷导度按宿主空气动力学阻抗现算（CLM：有植被 1/(raw_上 + raw_下)，裸地 1/raw），代替写死的 1e-6 m/s	CTSM CanopyFluxesMod.F90:1106、BareGroundFluxesMod.F90:414（读码）；现值无出处（参数审计）；本模式注释称宿主阻抗未持久化故用保守值（Physics.F90:597–604）	宿主改动：LeafTemperature 等处把 raw 与 rd 存成斑块量，经 CoLMMAIN 传给甲烷模块；单独提交	先以 0.01 m/s 诊断量级（v2_oo5g，子集 wet）；影响大再做正式耦合	可能是泥沼氧化占比偏高、扩散占比低的一因
10	待定	审计	氧化最大速率与基准温度换成多研究值：vmax 20 µM/h（现为 Michigan 单站 45 µM/h），12 °C 基准同源	Segers 1998 几何均值；参数审计 audit_params_260929.tsv	配置（vmax）与甲烷模块（基准温度硬编码 Physics.F90:2454）	与候选 4、9 一同看氧化占比	属换依据，不属拟合
11	待定	审计	产甲烷深度尺度 z0 依据改为 Treat et al. 2015 培养数据（0.24–0.53 m），现注释所称 Walter 2001 出处读原文不成立	Treat et al. 2015 表 2（经审计推算）	配置	与泥炭剖面候选 1 一同看	
13	不采用（V-110）	Q-46	湿地斑块积水的地表外排：积水按 PEAT-CLSM 水位在地表时的出流率（c·T(0)，按有机质份额与矿质导水混合）外排，不受土层结冰阻断，取代写死的 200 mm 积水桶（积水低于 200 mm 完全不外排）	Bechtold et al. 2019（半地表径流随水位指数增长，积水与基流同时发生）；巴罗两塔模式全年积水 87–176 mm、淹水份额 0.84–0.94（读 history），塔足迹湿薹草份额 0.40–0.47（Davidson et al. 2017，经苔原调研）	宿主水文 MOD_SoilSnowHydrology.F90:1377–1383，wetwatmax 在 MOD_Initialize.F90:525；单独提交	子集 tundra 加 peat，从冻结库起跑	现地下出流经求解器取水，冻土时取不出，地表积水无路可走（推测，待读求解器确认）
14	并入 16（动态受体库自然给出解冻与复湿滞后）	Q-46	新融土层的氧化还原滞后：层解冻后产甲烷按 1 − exp(−t/τ) 爬升，τ 20 d（敏感性 45 d）	Treat et al. 2015（淹水样滞后不到 20 d）；Galera et al. 2023（原位 CO2:CH4 由 7 月初 95 降到 8–9 月约 10），经苔原调研	甲烷模块，默认关	子集 tundra	风险：泥沼冬季偏冷（Q-45）会把滞后错加到泥沼；预期苔原产量乘 0.68–0.78、峰后移
15	待定	Q-46	多边形苔原的高处份额（草丘、埂、高心）不进淹水分布、不产甲烷	Davidson et al. 2017 表 3、Euskirchen et al. 2012（逐站 0.27–0.98），经苔原调研	甲烷模块淹水份额分支	子集 tundra	全球缺多边形苔原分布图、与 GLWD 份额可能重复计；先看候选 13 能否消掉大部分偏高
16	代码已并入（f2e39b9e，C-68），在测 V-128	Q-46、Q-43	替代电子受体（Fe(III)、腐殖质）分走一部分厌氧碳流，按层有机质份额打折	Lipson et al. 2010、2012、2013；Zheng et al. 2018；Miller et al. 2015，经苔原与湿地调研	甲烷模块，默认关	子集 tundra	只对北坡海岸平原矿质层有明确证据；湿地调研给出动态版（Segers and Leffelaar 2001 受体库 5 mol e m-3、再氧化 1e-5 s-1，PEATBOG 电子平衡劈分，van Bodegom 2001 铁抑制），可同时覆盖 14
17	代码已并入（5ce6e755，C-67），在测 V-127	Q-45、V-98、V-99	湿地周边来水的物理表示，取代水位下限：来水 = 周边高地产流 × 局地汇水面积 ÷ 湿地面积（账本 C-8 暂缓项的设计）	V-98 取消下限后积水沼泽干透（marsh β 1.26 → 0.03），V-99 下限放到 0.3 m 泥沼夏季水位偏深一倍：下限实为来水替身；TOPMODEL 类模式以格点内侧向重分配隐含来水（待湿地模式对比报告）	宿主水文加汇水面积数据（HydroSHEDS 15 角秒流向在 GLWD v2 湿地上求）	站点先用塔周汇水面积	数据准备量大；先看湿地模式对比报告里各模式怎么给湿地来水
12	并入 18–22	审计、Q-29	湖泊产率与湿地分开（CTSM 湖泊 0.5；Kelly and Chynoweth 1981 47±9%）	参数审计	甲烷模块	全球	湖泊模式对比显示量级主杠杆是底物供给（候选 22），f 单列放到 22 之后
18	代码已并入（1ad93fd0），全球筛选 V-111	湖泊	冒泡按水深溶入水体节点（谷形湖盆分深度，f_s = Σ ΔA exp(−z/h_b)/Σ ΔA，h_b 20–34 m）	LAKE 2.0（Stepanenko et al. 2016 式 23–30，12.5 m 到达 68–70%）；ALBM 五沉积柱；FLaMe 谷形湖盆（Maisonnier et al. 2025）；McGinnis et al. 2006	甲烷模块 lake_bubble_dissol_depth，默认关	全球筛选（湖泊只 DE-Dgw 一塔）	离线上限全球 71 → 53 Tg，赤道非洲 11.9 → 7.2；与 19 联用才打开扩散路径
19	代码已并入（1ad93fd0），全球筛选 V-111	湖泊	水体节点氧化改用湖水动力学（lake_k_m 3.75e-2 mol m-3，vmax 取实测中值）	LAKE 2.0 p.1983；Lofton et al. 2014；现用土壤值折一阶约 216 d-1，湖水实测 0.07–6.5 d-1	甲烷模块 lake_k_m，默认关	全球筛选，以扩散占比（观测约 1/3）验收	
20	代码已并入（1ad93fd0），全球筛选 V-111	湖泊、C-43	水体下层耗氧 SOD（1.5 g O2 m-2 d-1，θ 1.065），让分层隔绝产生缺氧储存与翻转峰	Guo et al. 2023（ALBM）；LAKE 2.0；V-76 查明模式下层 O2 从不耗尽	甲烷模块 lake_sod20，默认关	先只在 DE-Dgw 验	统一取值会让贫营养深湖也缺氧
21	代码已并入（3dbfd023），待全球筛选	湖泊	冰封期冒泡进冰困库，融冰时部分氧化（释放 0.14–1 d-1，溶解份额 0.4–0.9）	bLake4Me（Tan and Zhuang 2015）；ALBM；LAKE2.6；Johnson et al. 2022 融冰氧化 75%	甲烷模块加新状态量与重启字段	全球筛选	60°N 以北年排放估降 15–28%，春季峰份额向 27% 靠
22	待实现（第一档不需新数据）	湖泊	活性底物库由可降解碳补给 S 驱动：dC/dt = S − k(T)C，产甲烷 = f·k·C，稳态年产量 = f·S 与温度无关；S 分三档：纬带常数（第一档）、Mendonça 回归配 LakeATLAS 并按 CGLS LWQ 营养级给埋藏效率（第二档）、Lakes_cci 叶绿素（第三档）；新键 lake_active_pool 默认关，停用整柱土壤碳路径	供给上限三条口径中值 30–36 Tg，模式 79 Tg 约为其 2.2 倍，约束集中在热带（模式隐含沉积矿化 337 对实测最高 179–196 g C m-2 yr-1）；Maisonnier et al. 2025 FLaMe 式 2–10；Tan et al. 2024 ALBM；Mendonça et al. 2017；Sobek et al. 2009	甲烷模块加状态量与重启字段；第二档起加 rawdata 格点 lake_cdep	全球（热带与北方分开看）	lit_lake_substrate_260929.txt 第 4 节；北方偏高靠 K-1、K-5 不靠本项
23	代码已写（cbf04574），全球筛选 V-111	稻田、Q-43	淹水土壤子柱（洪泛与稻田）不受 pH 限制：淹水矿质土 pH 收敛到 6.7–7.2	Ponnamperuma（经 Sahrawat 2015 p.1599）；CH4MOD、DNDC-Rice 无 pH 项；Riley et al. 2011 取 1；稻田面积加权因子现为 0.75（稻田调研近似）	甲烷模块 flooded_soil_ph_neutral，默认关	站点 pH 常数测不出，全球筛选	风险：南亚可能越过清单中位；酸性硫酸盐土
24	暂不实现：诊断定出正负号，按 Cao et al. 2026 留田量（塔上稻草的 4–17 %）净效应为 −5 % 至 −24 %，盈亏平衡留田比例 0.56–0.71（加厩肥 0.33–0.50），补不了全球稻田偏低（diag_rice_straw_260929.txt）	稻田	秸秆去向与外加有机物，泡田时翻入犁耕层	CH4MOD（Hu et al. 2024 不还田 22、还田 30% 约 50 Tg）；MERES；DNDC；CTSM crop_residue_removal_frac；IPCC CFOA	两个宿主键加泡田翻入	全球	缺全球秸秆去向与有机肥图；补上季数与 pH 后余下缺口主要在此
25	代码已并入（44f90c76），在测 V-122	稻田	种前与休耕期淹水（冬淹田）	IPCC SFp 2.41；Cai et al. 2003（冬淹田稻季高约 42%）；DLEM 非生长季占 24%	宿主键 DEF_PADDY_FALLOW_FLOOD	站点 US-Twt、US-HRA、US-HRC（加州冬淹）	
26	并入 16	稻田	显式 Fe/SO4 电子受体库替代 e 折滞后	DNDC-Rice、MERES、van Bodegom	—	—	只治季节形态；与 16 同一机理
27	代码已写（f5a59ab6），全球筛选 V-111	Q-43	colm 模式下被淹土壤斑块归为洪泛类（氧化还原滞后 7 d、洪泛面积诊断），原被强制按旱地 30 d	湿地调研读码：Const.F90 在 colm 模式复位 use_routing_for_soil，Driver 据此判洪泛（Driver.F90:397、653）	甲烷模块 colm_floodplain_class，默认关	全球筛选；站点河滩三塔	属配置与代码不一致的修正
28	在测 V-121（C-52 模式 2 上）	Q-44	湿地斑块非饱和子柱的通气组织不再按旱地植被打 1/6 折，取湿地种淹水与不淹水孔隙比 0.5–0.7	CTSM 注释 unsat_aere_ratio 为旱地植被比值；Visser et al. 2000；Walter、Wania、HIMMELI、Gedney 2019 不打折；Bridgham et al. 2013	配置先诊断（全局键），影响大再做湿地专用键	子集 wet	需与候选 4 开关各跑一次
29	不采用（V-120）	Q-27	冻结层产甲烷不再额外乘液态水份额	CTSM ch4Mod.F90:2545–2547 不乘；Ito et al. 2023（GCP 模式冷季 27% 对观测 45%）；Zona et al. 2016	甲烷模块	子集 tundra、peat	证据两边都有（LPJ-wsl、ORCHIDEE、JULES 按液态水缩面积）；等 C-52 冬季土温做对后再判
30	不采用（V-119，现参数冷站活性过低）	Q-44	产甲烷菌活性与休眠（逐层活性变量，不建碳库）	Chadburn et al. 2020 JULES-microbe：非微生物方案再现不了站内季节敏感、站间弱	甲烷模块	子集 boreal	与候选 3 温度基准二选一比较，不叠加
31	待定（D-59 定案后再试）	marsh 季节振幅、V-112	挺水对流种（香蒲、芦苇、睡莲）的 CH4 通气组织导度在生长季按水汽压差放大（日均 M 1.8、日内 2.5），O2 不放大；只作用于对流种份额（站点按物种份额，全球按沼泽类份额乘常数）	Brix et al. 1996 表 1、3；Kim et al. 1998 p.28038（对流占日间 60 %）；van den Berg et al. 2020 p.6–7（剪茎 1.8 倍）；Bendix et al. 1994 式 1–3；无全球模式实现（Riley et al. 2011 p.1931）	甲烷模块加两键与站点份额列，默认关	子集 marsh，日均版，先 US-WPT、US-Tw5	9 座 marsh 塔中 6 座 β 已大于 1，放大只对 WPT、Tw5 方向对；需接大气湿度进甲烷子程序；lit_convective_flow_260929.txt
32	待实现	北方单位面积、D-40	BAWLD bog 份额深托底：湿地斑块下限取份额加权 (1 − w_b)·z_class + w_b·z_bog，z_bog 0.30 m（敏感性 0.25–0.35），w_b = bog_share/(1 − rainfed_share)；bog 份额由 BAWLD 0.5° 按湿地面积加权到 2°，写进 wetland_veg_file；站点开阔 bog 塔取 1	同水位下 bog 与 fen 排放无显著差别（Treat 2018 数据集控制水位后 fen 系数 0.008，p 0.84）；只吃降水的模式都有"约 0.3 m 活动层底"一道刹车（Granberg 1999 表 1 z_b 0.30 m、式 8；Wania et al. 2009a；Zhuang et al. 2004；Chaudhary et al. 2017）；北方 bog 生长季水位中位 11–17 cm、最深中位 20 cm（BAWLD-CH4、Treat 2018）	甲烷模块改下限取值一处加两键，数据脚本加 bog_share 列，默认关	站点 bog 塔（CA-SCB、FI-Si2、JP-BBY、NZ-Kop、DE-SfN、US-BZB）加全球续跑	预期北方单位面积降 5–25 %；开阔 bog 塔不会重演 V-70 抽干；lit_bog_fen_wtd_260929.txt 第 5.3 节
33	待实现（D-59 份额定后）	沼泽林塔、树通道结构	木本通道截面取定值 A_w：湿地斑块有林份额与洪泛林饱和子柱的通气截面 (1 − f_w)·A_tiller + f_w·A_w，A_w 不随 NPP、LAI 变（落叶期树通道照样开），其余 Fick 式与 D-59 定额氧化照旧；A_w 先取单值在 77 塔上于 1e-6–3e-4 m2 m-2 内拟合（现为 1e-2 量级）	树干排放来自土壤孔隙水、以气相扩散为主（Pangala et al. 2013、2014、2017；Takahashi et al. 2022 液流分量不超过 11–12 %；Jeffrey et al. 2024）；冬季与夜间照样排放（Pangala et al. 2015）；由实测反推的东南亚泥炭树地面导度比模式低 2–4 个量级；只 JULES 单列树通道（Gedney et al. 2019）	甲烷模块加两键，默认关	77 塔，A_w 取 1e-6、1e-5、1e-4 三档	不是压低 MY-MLM 偏高的手段（离线估 −15 % 至 +18 %），用于把树通道结构与量级改对；木本根系放氧的落点与 D-59 作用对象有关，待用户定；lit_woody_conduit_260929.txt
