site,cls,n,KGE,KGEln,beta,alpha,r,NSE,RMSE,nRMSE,MAE,bias,legacy
BR-Npw,7,29,-2.3947146289267764,-0.7605035340171657,3.2722474983905037,3.4968177003177248,0.6437976848928854,-13.598952041671422,324.5000733751016,3.582287483740252,212.40176605433865,205.83062730193035,MAG+AMP
CA-SCB,3,21,0.5716884033531537,0.5166548710462098,0.7351183487382305,0.7315716115603418,0.7969366233741373,0.41791636571110646,29.556051012494216,0.4379629061282217,22.31027680923936,-17.87561340794127,OVERLAP
DE-Hte,6,84,-0.20479216815982082,-1.570784885108309,0.21540838778564164,0.12964678182392841,0.7199545641995363,-0.7434502940255816,220.26814651524737,1.0840182249916668,163.16851518608908,-159.42586223141683,MAG+AMP
DE-SfN,3,28,-11.509063814598655,-2.1015543398080463,12.627613309075269,5.587668056380923,0.5218911663865379,-176.66616858242384,159.74268191414728,12.601066279643064,147.4022985858725,147.4022985858725,MAG+AMP
DE-Zrk,4,63,-0.8244534061834687,-0.058209823902630964,2.809986947090435,1.0624194139597178,0.779361609284254,-2.2471920239619467,224.33010256848672,1.9581187893679401,207.35951245301257,207.35951245301257,MAG
FI-Lom,4,60,0.4835198947757703,0.3831068490477918,0.7349881899661908,0.613609231918477,0.7826923517765508,0.5098523411534099,38.53873379825408,0.6812815570951041,25.170493349692126,-14.99118755516338,OVERLAP
FI-Si2,3,28,0.3703029758992181,0.48927530688001264,1.5941611083304084,1.0516205509360865,0.7979449623740693,-0.4968553657599817,48.12111486694426,0.7030084704636189,41.30850677855568,40.67048427536425,OVERLAP
FI-Sii,4,61,0.43690271677950654,0.5138913847094564,1.4901683334186153,0.9294432271440243,0.7319789241718703,0.2000478123182743,40.048468089792486,0.8047844451246443,31.027126552680254,24.39223444049272,OVERLAP
FR-LGt,4,20,-9.348839934629881,-1.8507203583457366,11.035410680035092,3.3416429092140745,0.0483020640164972,-78.00906464957762,55.46496712721701,10.88431540580707,51.13906596085048,51.13906596085048,MAG+PHASE
JP-BBY,3,39,0.590407679093623,0.5708262497947214,1.1050458254316486,0.7609712034473047,0.6844109027177486,0.44053568554924394,35.43121372254954,0.5294748128685146,27.98295719499425,7.0294204768048845,OVERLAP
MY-MLM,7,19,-40.97207260578137,-3.875977065688602,24.19492110276858,35.96944939578407,0.11223718425414167,-8488.92309039798,1011.4697023738361,25.181532733734155,931.6732302387902,931.6732302387902,MAG+AMP+PHASE
NZ-Kop,3,48,-5.188312074285127,-1.4415131416697915,6.631260116594333,3.385152135998931,0.0538683410133581,-189.2639500033086,357.1420620357346,5.81925360190436,345.60443443157993,345.60443443157993,MAG+AMP+PHASE
SE-Deg,4,50,0.6343364042429942,0.6686280209534751,1.3126731063142387,1.0549185174085627,0.8185355398558904,0.4865433685798911,24.6157092255593,0.6272647157884795,20.317325382346215,12.270210764220783,OVERLAP
US-Los,4,59,-8.962482206018572,-1.8689895401908903,9.819932067226256,5.6296251967752085,0.8374559378667812,-92.64239691506687,242.82840511045023,10.173735416791605,210.51560211917578,210.51560211917578,MAG+AMP
US-Myb,5,99,-0.7212037457455049,-0.08926770292026931,2.5934740314003526,1.6096552837457168,0.7726164460168795,-4.423369900091873,311.8278460116262,1.785476814212888,278.2951707530763,278.2951707530763,MAG
US-Sne,5,24,-0.6152135198921751,0.011029019991031896,2.5837410150973135,1.3123131361356088,0.9439677152157628,-4.420488969124273,254.62839024343012,1.6207314489108935,248.81693108856064,248.81693108856064,MAG+PHASE
US-Srr,6,34,-65.82910045427509,-4.512245911657019,46.4830153668154,49.959936350906844,0.409565257817738,-7850.959277532752,215.53945727188258,54.866444219813886,178.67723317327344,178.67723317327344,MAG+AMP
US-StJ,6,9,-7.659676112959172,-1.7804690676224704,7.1362753905541405,7.10849770348362,0.8504322254941162,-162.16136708270813,330.58609968978516,7.046791397918134,287.87106548733874,287.87106548733874,MAG+AMP
US-Tw1,5,91,0.13620254378574748,0.2948146195991227,1.7011182716388005,1.3762004969833952,0.6637673415536778,-1.2633105477092017,165.40210803221314,0.9643543830047208,139.07420092829156,120.2529299940888,OVERLAP
US-Tw4,5,61,-0.6683218763763568,-0.12815808610690005,2.233107750412042,2.0837056048547016,0.7028042377889842,-4.893310531727426,189.4883135121649,1.6046076986181628,147.2604257259998,145.61784055104414,MAG+AMP
US-Tw5,5,9,0.817271674123066,0.8254639719197503,1.1501722131060612,0.9636708050391913,0.9024390596492927,0.7137318586552062,81.67800572156959,0.25809549903421447,70.70869131591398,47.524140975707674,OVERLAP
US-Uaf,1,46,-41.04903585098137,-3.841319409556328,36.08464584775995,24.1679414410954,0.34005218664574244,-2314.632321700312,161.8389146238776,40.393173531396165,140.56981681697408,140.56981681697408,MAG+AMP+PHASE
US-WPT,5,34,-0.050631362628213994,-1.0028900771507998,0.3798375930499187,0.17511059553488603,0.8030677285331601,-0.1860191455613085,199.28140532799992,1.0221298183417322,140.85154797252844,-120.91109541164761,MAG+AMP
