ID,obs_Syear,obs_Eyear,Source,IGBP,SITE_CLASSIFICATION,qair_floored_pct,SITE_wetland_class,SITE_ph,SITE_salinity
AT-Neu,2010,2012,FLUXNET-CH4,GRA,Upland,0.0,,,
BR-Npw,2013,2016,FLUXNET-CH4,WSA,Swamp,0.0,,,
BW-Gum,2018,2018,FLUXNET-CH4,WET,Swamp,0.0,,,
BW-Nxr,2018,2018,FLUXNET-CH4,GRA,Swamp,0.0,,,
CA-SCB,2014,2017,FLUXNET-CH4,WET,Bog,0.0,,,
CA-SCC,2013,2016,FLUXNET-CH4,ENF,Upland,0.0,,,
CH-Cha,2012,2016,FLUXNET-CH4,GRA,Upland,0.0,,,
CH-Dav,2016,2017,FLUXNET-CH4,ENF,Upland,0.0,,,
CH-Oe2,2018,2018,FLUXNET-CH4,CRO,Upland,0.0,,,
CN-Hgu,2015,2017,FLUXNET-CH4,GRA,Upland,0.0,,,
DE-Dgw,2015,2018,FLUXNET-CH4,WAT,Lake,0.0,,,
DE-Hte,2011,2018,FLUXNET-CH4,WET,Fen,0.0,,,
DE-SfN,2012,2014,FLUXNET-CH4,WET,Bog,0.0,,,
DE-Zrk,2013,2018,FLUXNET-CH4,WET,Fen,0.0,,,
FI-Hyy,2016,2016,FLUXNET-CH4,ENF,Upland,0.0,,,
FI-Lom,2006,2010,FLUXNET-CH4,WET,Fen,0.0,,,
FI-Si2,2012,2016,FLUXNET-CH4,WET,Bog,0.0,,,
FI-Sii,2013,2018,FLUXNET-CH4,WET,Fen,0.0,,,
FR-LGt,2017,2018,FLUXNET-CH4,WET,Fen,0.0,,,
ID-Pag,2016,2017,FLUXNET-CH4,EBF,Swamp,0.0,,,
IT-BCi,2017,2018,FLUXNET-CH4,CRO,Upland,0.0,,,
IT-Cas,2009,2010,FLUXNET-CH4,CRO,Rice,0.0,,,
JP-BBY,2015,2018,FLUXNET-CH4,WET,Bog,0.0,,,
JP-Mse,2012,2012,FLUXNET-CH4,CRO,Rice,0.0,,,
JP-SwL,2016,2016,FLUXNET-CH4,WAT,Lake,0.0,,,
KR-CRK,2015,2018,FLUXNET-CH4,CRO,Rice,0.0,,,
MY-MLM,2014,2015,FLUXNET-CH4,EBF,Swamp,0.0,,,
NL-Hor,2007,2009,FLUXNET-CH4,GRA,Drained,0.0,,,
NZ-Kop,2012,2015,FLUXNET-CH4,EBF,Bog,0.0,,,
PH-RiF,2012,2014,FLUXNET-CH4,CRO,Rice,0.0,,,
RU-Ch2,2014,2016,FLUXNET-CH4,WET,Wet tundra,0.0,,,
RU-Che,2014,2016,FLUXNET-CH4,WET,Drained,0.0,,,
RU-Cok,2008,2016,FLUXNET-CH4,OSH,Wet tundra,0.0,,,
RU-Fy2,2015,2018,FLUXNET-CH4,ENF,Upland,0.0,,,
SE-Deg,2014,2018,FLUXNET-CH4,GRA,Fen,0.0,,,
US-A03,2015,2018,FLUXNET-CH4,BSV,Wet tundra,0.0,,,
US-A10,2012,2018,FLUXNET-CH4,BSV,Wet tundra,0.0,,,
US-Atq,2013,2016,FLUXNET-CH4,WET,Wet tundra,0.0,,,
US-BZB,2014,2016,FLUXNET-CH4,WET,Bog,0.0,,,
US-BZF,2014,2016,FLUXNET-CH4,WET,Fen,0.0,,,
US-BZS,2015,2016,FLUXNET-CH4,ENF,Upland,0.0,,,
US-Beo,2013,2014,FLUXNET-CH4,WET,Wet tundra,0.0,,,
US-Bes,2013,2015,FLUXNET-CH4,WET,Wet tundra,0.0,,,
US-Bi1,2016,2018,FLUXNET-CH4,CRO,Drained,0.0,,,
US-Bi2,2017,2018,FLUXNET-CH4,CRO,Drained,0.0,,,
US-CRT,2011,2012,FLUXNET-CH4,CRO,Upland,0.0,,,
US-DPW,2013,2017,FLUXNET-CH4,WET,Marsh,0.0,,,
US-EDN,2018,2018,FLUXNET-CH4,WET,Salt marsh,0.0,,,
US-EML,2015,2018,FLUXNET-CH4,OSH,Upland,0.0,,,
US-HRA,2017,2017,FLUXNET-CH4,CRO,Rice,0.0,,,
US-HRC,2017,2017,FLUXNET-CH4,CRO,Rice,0.0,,,
US-Ho1,2012,2018,FLUXNET-CH4,ENF,Upland,0.0,,,
US-ICs,2014,2016,FLUXNET-CH4,WET,Wet tundra,0.0,,,
US-Ivo,2013,2016,FLUXNET-CH4,WET,Wet tundra,0.0,,,
US-LA1,2011,2012,FLUXNET-CH4,WET,Salt marsh,0.0,,,
US-LA2,2011,2013,FLUXNET-CH4,WET,Marsh,0.0,,,
US-Los,2014,2018,FLUXNET-CH4,WET,Fen,0.0,,,
US-MAC,2013,2015,FLUXNET-CH4,GRA,Drained,0.0,,,
US-MRM,2012,2013,FLUXNET-CH4,WET,Salt marsh,0.0,,,
US-Myb,2010,2018,FLUXNET-CH4,WET,Marsh,0.0,,,
US-NC4,2012,2016,FLUXNET-CH4,WET,Swamp,0.0,,,
US-NGB,2012,2018,FLUXNET-CH4,SNO,Wet tundra,0.0,,,
US-NGC,2017,2018,FLUXNET-CH4,GRA,Wet tundra,0.0,,,
US-ORv,2011,2015,FLUXNET-CH4,WET,Marsh,0.0,,,
US-OWC,2015,2016,FLUXNET-CH4,WET,Marsh,0.0,,,
US-Pfa,2010,2018,FLUXNET-CH4,MF,Upland,0.0,,,
US-Snd,2010,2015,FLUXNET-CH4,GRA,Drained,0.0,,,
US-Sne,2016,2018,FLUXNET-CH4,GRA,Marsh,0.0,,,
US-Srr,2014,2017,FLUXNET-CH4,WET,Salt marsh,0.0,,,
US-StJ,2016,2016,FLUXNET-CH4,WET,Salt marsh,0.0,,,
US-Tw1,2011,2018,FLUXNET-CH4,WET,Marsh,0.0,,,
US-Tw3,2013,2014,FLUXNET-CH4,CRO,Drained,0.0,,,
US-Tw4,2013,2018,FLUXNET-CH4,WET,Marsh,0.0,,,
US-Tw5,2018,2018,FLUXNET-CH4,WET,Marsh,0.0,,,
US-Twt,2009,2017,FLUXNET-CH4,CRO,Rice,0.0,,,
US-Uaf,2011,2018,FLUXNET-CH4,ENF,Bog,0.0,,,
US-WPT,2011,2013,FLUXNET-CH4,WET,Marsh,0.0,,,
