ID,obs_Syear,obs_Eyear,Source,IGBP,SITE_CLASSIFICATION,qair_floored_pct,SITE_wetland_class,SITE_ph,SITE_salinity
BR-Npw,2013,2016,FLUXNET-CH4,WSA,Swamp,0.0,,,
CA-SCB,2014,2017,FLUXNET-CH4,WET,Bog,0.0,,,
DE-Hte,2011,2018,FLUXNET-CH4,WET,Fen,0.0,,,
DE-SfN,2012,2014,FLUXNET-CH4,WET,Bog,0.0,,,
DE-Zrk,2013,2018,FLUXNET-CH4,WET,Fen,0.0,,,
FI-Lom,2006,2010,FLUXNET-CH4,WET,Fen,0.0,,,
FI-Si2,2012,2016,FLUXNET-CH4,WET,Bog,0.0,,,
FI-Sii,2013,2018,FLUXNET-CH4,WET,Fen,0.0,,,
FR-LGt,2017,2018,FLUXNET-CH4,WET,Fen,0.0,,,
JP-BBY,2015,2018,FLUXNET-CH4,WET,Bog,0.0,,4.94,
MY-MLM,2014,2015,FLUXNET-CH4,EBF,Swamp,0.0,,,
NZ-Kop,2012,2015,FLUXNET-CH4,EBF,Bog,0.0,,,
SE-Deg,2014,2018,FLUXNET-CH4,GRA,Fen,0.0,,,
US-Los,2014,2018,FLUXNET-CH4,WET,Fen,0.0,,,
US-Myb,2010,2018,FLUXNET-CH4,WET,Marsh,0.0,,7.0,
US-Sne,2016,2018,FLUXNET-CH4,GRA,Marsh,0.0,,,
US-Srr,2014,2017,FLUXNET-CH4,WET,Salt marsh,0.0,,6.6,9
US-StJ,2016,2016,FLUXNET-CH4,WET,Salt marsh,0.0,,6.5,10
US-Tw1,2011,2018,FLUXNET-CH4,WET,Marsh,0.0,,6.33,
US-Tw4,2013,2018,FLUXNET-CH4,WET,Marsh,0.0,,5.6,
US-Tw5,2018,2018,FLUXNET-CH4,WET,Marsh,0.0,,,
US-Uaf,2011,2018,FLUXNET-CH4,ENF,Bog,0.0,,,
US-WPT,2011,2013,FLUXNET-CH4,WET,Marsh,0.0,,,
