ID,DEF_METHANE%wetland_forest_share_site,DEF_METHANE%wetland_lai_cap_site
BR-Npw,1.0,3.0
CA-SCB,0.0,0.6
DE-Hte,0.0,0.6
DE-SfN,0.0,0.6
DE-Zrk,0.0,0.6
FI-Lom,0.0,0.6
FI-Si2,0.0,0.6
FI-Sii,0.0,0.6
FR-LGt,0.0,0.6
JP-BBY,0.0,0.6
MY-MLM,1.0,3.0
NZ-Kop,0.0,0.6
SE-Deg,0.0,0.6
US-Los,0.0,0.6
US-Myb,0.0,3.0
US-Sne,0.0,3.0
US-Srr,0.0,3.0
US-StJ,0.0,3.0
US-Tw1,0.0,3.0
US-Tw4,0.0,3.0
US-Tw5,0.0,3.0
US-Uaf,1.0,0.6
US-WPT,0.0,3.0
BW-Gum,0.0,3.0
BW-Nxr,0.0,3.0
ID-Pag,1.0,3.0
NL-Hor,0.0,0.6
RU-Ch2,0.0,0.6
RU-Che,0.0,0.6
RU-Cok,1.0,0.6
US-A03,0.0,0.6
US-A10,0.0,0.6
US-Atq,0.0,0.6
US-BZB,0.0,0.6
US-BZF,0.0,0.6
US-Beo,0.0,0.6
US-Bes,0.0,0.6
US-DPW,0.0,3.0
US-ICs,0.0,0.6
US-Ivo,0.0,0.6
US-LA2,0.0,3.0
US-NC4,0.0,3.0
US-NGB,0.0,0.6
US-NGC,0.0,0.6
US-ORv,0.0,3.0
US-OWC,0.0,3.0
US-EDN,0.0,3.0
US-LA1,0.0,3.0
US-MRM,0.0,3.0
