ID,DEF_METHANE%wetland_forest_share_site,DEF_METHANE%wetland_lai_cap_site,DEF_METHANE%wetland_ombro_share_site,DEF_METHANE%wetland_salinity_site,DEF_METHANE%wetland_cover_frac_site,DEF_METHANE%wetland_share_emerg_site,DEF_METHANE%wetland_share_dome_site,DEF_METHANE%wetland_share_moss_site,DEF_METHANE%wetland_burial_frac_site
BR-Npw,1.0,3.0,0.0,,,,,,
CA-SCB,0.0,0.6,0.0,,,0.0,0.0,1.0,
DE-Hte,0.0,0.6,0.0,1.9,,1.0,0.0,0.0,
DE-SfN,0.0,0.6,0.0,,,0.0,0.0,1.0,
DE-Zrk,0.0,0.6,0.0,,,0.0,0.0,0.0,
FI-Lom,0.0,0.6,0.0,,,0.0,0.0,1.0,
FI-Si2,0.0,0.6,0.0,,,0.0,0.0,1.0,
FI-Sii,0.0,0.6,0.0,,,0.0,0.0,1.0,
FR-LGt,0.0,0.6,0.0,,,0.0,0.0,1.0,
JP-BBY,0.0,0.6,0.0,,,0.0,0.0,1.0,
MY-MLM,1.0,3.0,0.0,,,0.0,1.0,0.0,
NZ-Kop,0.0,0.6,0.0,,,0.0,0.0,0.0,
SE-Deg,0.0,0.6,0.0,,,0.0,0.0,1.0,
US-Los,0.0,0.6,0.0,,,0.0,0.0,0.0,
US-Myb,0.0,1.1,0.0,,0.57,1.0,0.0,0.0,0.47
US-Sne,0.0,0.8,0.0,,0.454,1.0,0.0,0.0,
US-Srr,0.0,3.0,0.0,8.83,,1.0,0.0,0.0,
US-StJ,0.0,3.0,0.0,10.55,,1.0,0.0,0.0,
US-Tw1,0.0,3.0,0.0,,0.970,1.0,0.0,0.0,0.45
US-Tw4,0.0,3.0,0.0,,0.842,1.0,0.0,0.0,0.53
US-Tw5,0.0,3.0,0.0,,0.912,1.0,0.0,0.0,0.47
US-Uaf,1.0,0.6,1.0,,,0.0,0.0,1.0,
US-WPT,0.0,1.2,0.0,,0.956,1.0,0.0,0.0,0.21
BW-Gum,0.0,3.0,0.0,,,,,,
BW-Nxr,0.0,3.0,0.0,,,,,,
ID-Pag,1.0,3.0,0.0,,,0.0,1.0,0.0,
NL-Hor,0.0,0.6,0.0,,,0.0,0.0,0.0,
RU-Ch2,0.0,0.6,0.0,,,0.0,0.0,0.0,
RU-Che,0.0,0.6,0.0,,,0.0,0.0,0.0,
RU-Cok,1.0,0.6,0.0,,,0.0,0.0,1.0,
US-A03,0.0,0.6,0.0,,,0.0,0.0,1.0,
US-A10,0.0,0.6,0.0,,,0.0,0.0,1.0,
US-Atq,0.0,0.6,0.0,,,0.0,0.0,1.0,
US-BZB,0.0,0.6,0.0,,,0.0,0.0,1.0,
US-BZF,0.0,0.6,0.0,,,0.0,0.0,1.0,
US-Beo,0.0,0.6,0.0,,,0.0,0.0,1.0,
US-Bes,0.0,0.6,0.0,,,0.0,0.0,1.0,
US-DPW,0.0,3.0,0.0,,,1.0,0.0,0.0,
US-ICs,0.0,0.6,0.0,,,0.0,0.0,1.0,
US-Ivo,0.0,0.6,0.0,,,0.0,0.0,1.0,
US-LA2,0.0,3.0,0.0,,,1.0,0.0,0.0,
US-NC4,1.0,3.0,0.0,,,0.0,0.0,0.0,
US-NGB,0.0,0.6,0.0,,,0.0,0.0,1.0,
US-NGC,0.0,0.6,0.0,,,0.0,0.0,1.0,
US-ORv,0.0,3.0,0.0,,,1.0,0.0,0.0,0.32
US-OWC,0.0,3.0,0.0,,0.515,1.0,0.0,0.0,0.12
US-EDN,0.0,3.0,0.0,35.0,,1.0,0.0,0.0,
US-LA1,0.0,3.0,0.0,9.3,,1.0,0.0,0.0,
US-MRM,0.0,3.0,0.0,5.0,,1.0,0.0,0.0,
